Юр. лицо,ФИО,Адресс,Регион,ОГРН ,ИНН,Основной вид деятельности
"ПАО ""ТОПЛИВА И ЭНЕРГЕТИКИ""",БЕРДУКАЕВ МАГОМЕД САИД-МАГОМЕДОВИЧ,"368006, Республика Дагестан, г. Хасавюрт, Улица Комсомольская, Дом 102, Корпус А",Республика Дагестан,1150544001585,0544010371,41.20
"АО ""ГАЗПРОМНЕФТЬ-АЛЬТЕРНАТИВНОЕ ТОПЛИВО""",ПОЛЗИК ВИТАЛИЙ СЕРГЕЕВИЧ,"105082, г. Москва, Улица Почтовая Б., Дом 26, Сооружение 1, Кабинет 1",Москва,1067746561486,7701657566,46.71
"ЗАО ""ТОПЛИВО""",МОЧАЛОВ ВЯЧЕСЛАВ ИГОРЕВИЧ,"653000, Область Кемеровская, г. Прокопьевск, Улица Горная, 1",Кемеровская область,1034223004705,4239000293,82.99
"ПАО ""ЕВРАЗИЙСКАЯ ТОПЛИВНАЯ КОМПАНИЯ""",ЧЕРКЕСОВ АРТУР ЮРЬЕВИЧ,"127055, г. Москва, Тупик Тихвинский 1-Й, Дом 5-7, Помещение I Комн 2",Москва,1157746572565,7707344440,46.71
"ПАО ""ВАНИНСКИЙ ТОПЛИВНЫЙ ТЕРМИНАЛ""",МИХАЛЬЧУК ЮРИЙ ВИТАЛЬЕВИЧ,"682860, Край Хабаровский, Район Ванинский, Рабочий Поселок Ванино, Улица Одесская, Дом 1а",Хабаровский край,1022700711615,2709002153,68.20
"АО ""ТОПЛИВОСНАБ""",КАРМАНОВА ЮЛИЯ ЮРЬЕВНА,"656037, Край Алтайский, г. Барнаул, Проспект Ленина, Дом 154/1",Алтайский край,1022200809553,2209018469,47.30
"ЗАО ""СНАБСБЫТ-ТОПЛИВО""",УЧЕВАТКИН СЕРГЕЙ АЛЕКСАНДРОВИЧ,"454047, Область Челябинская, г. Челябинск, Улица 60-Летия Октября, 3, 49",Челябинская область,1117450001712,7450072907,46.71
"ЗАО ""ХОЛДИНГ ""ЗЕЛЕНОЕ ТОПЛИВО""",ЕРОФЕЕВ ЕВГЕНИЙ НИКОЛАЕВИЧ,"101000, г. Москва, Улица Покровка, Дом 1/13/6, Строение  2, Офис 35",Москва,5137746215558,7701381854,46.71
"ЗАО НК ""РУССКОЕ ТОПЛИВО""",ШАТУНОВ ЭДУАРД ГЕННАДЬЕВИЧ,"350000, Край Краснодарский, г. Краснодар, Улица Им Леваневского, 108",Краснодарский край,1122310002968,2310162213,52.10
"АО ""ТОПЛИВНЫЕ РЕШЕНИЯ""",ВОЛОСЕЦКИЙ ДАНИИЛ ИГОРЕВИЧ,"115088, г. Москва, Улица Машиностроения 2-Я, Дом 25, Строение 5, Этаж 4 Комн 24д",Москва,1187746567953,7722461638,46.71
"АО ""ТОПЛИВНЫЙ МИР""",МАСКОВ ДМИТРИЙ ИРЕКОВИЧ,"115054, г. Москва, Улица Новокузнецкая, 31, Стр1",Москва,1067746902134,7725577278,46.71
"ЗАО ""ТОПЛИВОРЕЗЕРВ""",СОКОЛОВ ПАВЕЛ ВЯЧЕСЛАВОВИЧ,"121019, г. Москва, Переулок Афанасьевский Б., 11-13, Ком.Правл.",Москва,1027739467403,7704155740,0
"АО ""ЯРАНСКОЕ ТОПЛИВНОЕ ПРЕДПРИЯТИЕ""",СМОЛЕНЦЕВ АЛЕКСАНДР ВАСИЛЬЕВИЧ,"612261, Область Кировская, Район Яранский, г. Яранск, Улица Производственная, 3, -, -",Кировская область,1044304501196,4339005986,46.71
"АО ""ОМСКАЯ ТОПЛИВНАЯ КОМПАНИЯ""",КОРНИЕНКО ЮРИЙ ВАСИЛЬЕВИЧ,"646160, Область Омская, Район Любинский, Рабочий Поселок Любинский, Улица Степная, Дом 1",Омская область,1025500736678,5528012998,46.71
"АО ""ШУЙСКОЕ ТОПЛИВНОЕ ПРЕДПРИЯТИЕ""",ГОРБАЧЕВ ВАЛЕРИЙ ИГОРЕВИЧ,"155908, Область Ивановская, Район Шуйский, Деревня Остапово, Местечко Марьина Роща, -, -, -",Ивановская область,1043700510952,3725006453,46.71
"АО ""ЯРОСЛАВСКОЕ ТОПЛИВНОЕ ПРЕДПРИЯТИЕ""",КАРТЕЛОВА ТАТЬЯНА ВЛАДИМИРОВНА,"150020, Область Ярославская, г. Ярославль, Проезд Домостроителей, 2",Ярославская область,1057600295730,7603030992,46.71
"АО ""САМАРСКАЯ ТОПЛИВНАЯ КОМПАНИЯ""",БЕЛОУСОВ АЛЕКСЕЙ ВАЛЕРИЕВИЧ,"443099, Область Самарская, г. Самара, Площадь Хлебная, 6",Самарская область,1076317000539,6317067502,43.99
"ОАО ""ПЕРВОМАЙСКОЕ ТОПЛИВНОЕ ПРЕДПРИЯТИЕ""",ШАБРОВ ГЕННАДИЙ АНТОНОВИЧ,"152430, Область Ярославская, Район Первомайский, Рабочий Поселок Пречистое, Улица Лесная, 22",Ярославская область,1047601803050,7623004366,16.10
"ОАО ""НОГИНСКОЕ ТОПЛИВНОЕ ПРЕДПРИЯТИЕ""",МУХОТАСОВ ВЛАДИМИР ВИТАЛЬЕВИЧ,"142430, Область Московская, Район Ногинский, Село Ямкино, Км.35+350 А-107 Ммк ""Ярославско-Горьковское Шоссе"", (Правая Сторона) Строение № 3",Московская область,1025003918422,5031006234,46.71
"ОАО ""МЫШКИНСКОЕ ТОПЛИВНОЕ ПРЕДПРИЯТИЕ""",РЫБКИНА НАТАЛЬЯ СЕРГЕЕВНА,"152830, Область Ярославская, Район Мышкинский, г. Мышкин, Улица Карла Либкнехта, 40",Ярославская область,1057602355568,7619003810,52.10
"ОАО ""ХК НАЦИОНАЛЬНАЯ ТОПЛИВНАЯ ГРУППА""",ДЕНИСОВ ДМИТРИЙ ВАСИЛЬЕВИЧ,"119590, г. Москва, Улица Минская, 1г, 3",Москва,1027739047665,7736042027,46.19
"ЗАО ""ТОПЛИВНЫЕ ТЕХНОЛОГИИ""",КОРЕЦКИЙ ДМИТРИЙ ГЕННАДЬЕВИЧ,"191024, г. Санкт-Петербург, Улица Конная, 5/3, Литер Б, Помещение 4н",Санкт-Петербург,1037843057878,7825350217,46.71
"ЗАО ""ТОПЛИВНЫЕ ГРАНУЛЫ""",КОРОБЕЙНИКОВ ВЛАДИСЛАВ ВАЛЕРЬЕВИЧ,"618545, Край Пермский, г. Соликамск, Улица Всеобуча, 99",Пермский край,1075919000519,5919006336,16.21
"ППО РАБОТНИКОВ ОАО ""ПУШКИНСКОЕ ТОПЛИВНОЕ ПРЕДПРИЯТИЕ""",КОШКИНА ЛЮДМИЛА ГРИГОРЬЕВНА,"141206, Область Московская, Район Пушкинский, г. Пушкино, Улица Краснофлотская, 9",Московская область,1035000026016,5038008456,0
"ЗАО ""АЛГОРИТМ. ТОПЛИВНЫЙ ИНТЕГРАТОР.""",КОСТЮКОВ ВИКТОР ЛУКМАНОВИЧ,"119526, г. Москва, Проспект Вернадского, 89, 1",Москва,1057747626254,7729529797,46.71
"ЗАО ""ТОПЛИВНО-ЗАПРАВОЧНАЯ КОМПАНИЯ""",ГАГИН СЕРГЕЙ ВЛАДИМИРОВИЧ,"649000, Республика Алтай, г. Горно-Алтайск, Улица Чорос-Гуркина г..И., 29",Республика Алтай,1030400733340,0411078885,46.11
"ЗАО ""РУССКАЯ ТОПЛИВНАЯ КОМПАНИЯ""",ПОДКОЛЗИНА ИННА АНАТОЛЬЕВНА,"111020, г. Москва, Улица Дворникова, 7",Москва,1057747279105,7722549160,71.12
"ЗАО ""АВИАЦИОННО-ТОПЛИВНАЯ КОМПАНИЯ""",ДРУЖИНИН НИКИТА АЛЕКСАНДРОВИЧ,"119027, г. Москва, Территория Внуково Аэропорт, 1, Стр.19",Москва,1117746670513,7729689568,68.20
"ЗАО ""ПРИМОРСКИЙ ТОПЛИВНЫЙ ТЕРМИНАЛ""",ПОМАЗ ВЛАДИМИР ВАСИЛЬЕВИЧ,"692921, Край Приморский, г. Находка, Улица Пирогова, 13, 1, 619",Приморский край,1022500703785,2508056984,68.20
"ЗАО ""НАЦИОНАЛЬНАЯ ТОПЛИВНАЯ КОМПАНИЯ""",ЛЯХ СТАНИСЛАВ ДОМИНИКОВИЧ,"188643, Область Ленинградская, Район Всеволожский, г. Всеволожск, Улица Сергиевская, 126, Лит. А",Ленинградская область,1054700105338,4703081258,41.20
"ЗАО ""ВОСТОЧНОЕВРОПЕЙСКАЯ ТОПЛИВНАЯ КОМПАНИЯ""",КОРЧАГИНА СВЕТЛАНА ИВАНОВНА,"350020, Край Краснодарский, г. Краснодар, Улица Рашпилевская, 142, А",Краснодарский край,1042303656350,2308100467,46.71
"ЗАО ""ТОПЛИВНАЯ НЕФТЯНАЯ КОМПАНИЯ""",САЛМИН ИЛЬЯ ОЛЕГОВИЧ,"308000, Область Белгородская, г. Белгород, Улица Студенческая, 46, 0, 0",Белгородская область,1043108001969,3123104252,47.30
"ЗАО ""НЕКОУЗСКОЕ ТОПЛИВНОЕ ПРЕДПРИЯТИЕ""",ЛОБАНОВ ВЛАДИМИР АНАТОЛЬЕВИЧ,"152750, Область Ярославская, Район Некоузский, Поселок Волга, Улица Набережная, 1б",Ярославская область,1047602007837,7620004791,46.71
"ППО РАЗРЕЗ ""ВИНОГРАДОВСКИЙ"" ФИЛИАЛ ОАО ""КУЗБАССКАЯ ТОПЛИВНАЯ КОМПАНИЯ""",БАУН ЗИНАИДА НИКОЛАЕВНА,"652673, Область Кемеровская, Район Беловский, Село Каракан",Кемеровская область,1114200001794,4202999054,94.2
"ООО ""ТОПЛИВО""",БАТАЕВ ВАХА ТУРКОЕВИЧ,"400062, Область Волгоградская, г. Волгоград, Улица Им Богданова, Дом 1/5, Помещение 2.9",Волгоградская область,1143443032105,3460018980,46.71
"ООО ""ТОПЛИВО""",ПЕТРОВ ДМИТРИЙ АЛЕКСАНДРОВИЧ,"173003, Область Новгородская, г. Великий Новгород, Улица Саши Устинова, 7",Новгородская область,1145321004333,5321170109,46.71
"ООО ""ТОПЛИВО""",КИСЕЛЕВ МАКСИМ АЛЕКСАНДРОВИЧ,"127642, г. Москва, Проезд Дежнёва, 19, 1, 18",Москва,1066311054567,6311093009,46.12
"ООО ""ТОПЛИВО""",ГАВРИКОВ ВЯЧЕСЛАВ АНАТОЛЬЕВИЧ,"603061, Область Нижегородская, г. Нижний Новгород, Улица Робеспьера, Дом 4, Квартира 17",Нижегородская область,1175275020689,5258136012,47.30
"ООО ""ТОПЛИВО""",АФАНАСЬЕВ ИГОРЬ АЛЕКСЕЕВИЧ,"603101, Область Нижегородская, г. Нижний Новгород, Проспект Ильича, Дом 33, Квартира 79",Нижегородская область,1155256001394,5256136070,46.12
"ООО ""ТОПЛИВО""",БАРАКИН ВИТАЛИЙ НИКОЛАЕВИЧ,"680000, Край Хабаровский, г. Хабаровск, Улица Дзержинского, Дом 39",Хабаровский край,1162724086260,2721227763,46.71
"ООО ""ТОПЛИВО И РЕГИОНЫ""",КОЛОДКИНА ЕКАТЕРИНА СЕРГЕЕВНА,"127055, г. Москва, Улица Сущёвская, Дом 27, Строение 2, Этаж 3 Пом Iii К 3",Москва,1177746569505,7707386295,47.99
"ООО ""КОНТРОЛЬ ТОПЛИВА""",ХИСМАТУЛЛИН АЗАТ МАРСОВИЧ,"423823, Республика Татарстан, г. Набережные Челны, Бульвар Школьный, 3, 306",Республика Татарстан,1131650018752,1650273222,46.69
"ООО ""КАРЕЛЬСКОЕ ТОПЛИВО""",ВЕДЕРНИКОВ АЛЕКСАНДР ВЛАДИЛИНОВИЧ,"195220, г. Санкт-Петербург, Улица Бутлерова, Дом 24, Литера А, Квартира 18",Санкт-Петербург,1177847347996,7804608899,38.32
"ООО ""ЭТАЛОН-ТОПЛИВО""",АУБАКИРОВ МАРАТ БАЙМУХАНОВИЧ,"644050, Область Омская, г. Омск, Улица Химиков, Дом 19, Офис 8",Омская область,1155543014660,5504096300,46.71
"ООО ""ВЛАД-ТОПЛИВО""",МОЧИНИН АЛЕКСЕЙ ВАСИЛЬЕВИЧ,"121352, г. Москва, Улица Кременчугская, Дом 3, Корпус 4, Офис 14",Москва,1153340000329,3310007114,47.30
"ООО ""ТВЕРДОЕ ТОПЛИВО""",ЩЕРБАКОВ ЮРИЙ ГЕННАДЬЕВИЧ,"197110, г. Санкт-Петербург, Проспект Константиновский, 11, Лит.А, Пом.327",Санкт-Петербург,1089847318450,7813422900,46.71
"ООО ""НЕВСКОЕ ТОПЛИВО""",РЫБНИКОВ ВЛАДИМИР ИВАНОВИЧ,"194902, г. Санкт-Петербург, Шоссе Выборгское, 435",Санкт-Петербург,1037804022695,7802104141,46.71
"ООО ""СК ТОПЛИВО""",СИЛКИН ВИТАЛИЙ НИКОЛАЕВИЧ,"352570, Край Краснодарский, Район Мостовский, Поселок Городского Типа Мостовской, Улица Красная, Дом 227а",Краснодарский край,1172375041497,2377000030,46.73
"ООО ""ТОПЛИВО-М""",СКАЧКОВ АЛЕКСЕЙ ВИКТОРОВИЧ,"400012, Область Волгоградская, г. Волгоград, Улица Ленская, Дом 53",Волгоградская область,1183443004612,3443139014,46.71
"ООО ""ВОСТОК ТОПЛИВО""",БОГУСЛАВСКИЙ ЮРИЙ ВЛАДИМИРОВИЧ,"676850, Область Амурская, г. Белогорск, Улица Садовая, Дом 26",Амурская область,1182801004660,2804018837,46.71
"ООО ""ТОПЛИВО АУДИТ""",АЛЕКСЕЕВА ЕКАТЕРИНА СЕРГЕЕВНА,"117485, г. Москва, Улица Профсоюзная, Дом 96",Москва,5157746310046,7728327460,46.18
"ООО ""ТЕСТ ТОПЛИВА""",КОНДРАТЬЕВ АЛЕКСЕЙ ВЯЧЕСЛАВОВИЧ,"105005, г. Москва, Улица Бауманская, Дом 38, Квартира 53",Москва,1157746877860,9701011430,46.69
"ООО ""ТОПЛИВО-М""",ЛУПАНОВ РУСЛАН ГРИГОРЬЕВИЧ,"121165, г. Москва, Улица Киевская, Дом 16, Помещение 1б",Москва,5147746365828,7730716569,46.90
"ООО ""ТОПЛИВО ГУБЕРНИИ""",ДЕМЬЯНЕНКО АНДРЕЙ НИКОЛАЕВИЧ,"410038, Область Саратовская, г. Саратов, Улица Симбирская, Дом 154",Саратовская область,1176451004839,6450097160,46.71
"ООО ""ЭКО-ТОПЛИВО""",БУТОРИН ИГОРЬ ВЛАДИМИРОВИЧ,"671265, Республика Бурятия, Район Прибайкальский, Село Нестерово, Улица Школьная, Дом 6",Республика Бурятия,1170327008114,0316201874,02.10
"ООО ""ТОПЛИВО В БАК""",КОВАЛЕВИЧ АЛИНА ВИКТОРОВНА,"119119, г. Москва, Проспект Ленинский, Дом 42, Корпус 1-2-3, Комната 24-01",Москва,1177746117977,7736289930,47.99
"ООО ""ТОПЛИВО-СТОМАТОЛОГИЯ""",ЛАНЕЕВ ВЛАДИМИР ИГОРЕВИЧ,"180016, Область Псковская, г. Псков, Улица Юбилейная, 45",Псковская область,1066027024051,6027094840,46.71
"ООО ""ТОПЛИВО РУ""",ТОЩАКОВ АНДРЕЙ ВЛАДИМИРОВИЧ,"197374, г. Санкт-Петербург, Улица Савушкина, Дом 83, Корпус 3 Литера А, Помещение 306",Санкт-Петербург,1157847163319,7814225165,46.71
"ООО ""РУСС-ТОПЛИВО""",ГИЛЬФАНОВ РАДИК РИФАТОВИЧ,"425000, Республика Марий Эл, г. Волжск, Улица Орлова, Дом 77, Офис 5",Республика Марий Эл,1161215052118,1216025024,46.71
"ООО ""ТЕХНИКА ТОПЛИВА""",БЕТИГЕР СЕРГЕЙ БОРИСОВИЧ,"192241, г. Санкт-Петербург, Проспект Александровской Фермы, Дом 29, Литер Е, Помещение 36н Офис №102",Санкт-Петербург,1177847303633,7816650729,25.99
"ООО ""ТОПЛИВО ОНЛАЙН""",АЛИМАГОМЕДОВ ЗАМРУДИН АЛИМАГОМЕДОВИЧ,"192289, г. Санкт-Петербург, Улица Олеко Дундича, Дом 36, Корпус 1 Литер А, Квартира 409",Санкт-Петербург,1167847198441,7802575246,62.09
"ООО ""ТОПЛИВО ПЛЮС""",ЛЕТОДИАНИ РУДОЛЬФ ЕЛЬГУДЖЕВИЧ,"344000, Область Ростовская, г. Ростов-На-Дону, Проспект Ленина, Дом 245/2, Комната 34",Ростовская область,1156196054475,6161074558,46.71
"ООО ""АВТОКЕНИГ-ТОПЛИВО""",МИЛУШЕВ ШАКЕРЖАН АЛЕКСАНДРОВИЧ,"236006, Область Калининградская, г. Калининград, Проспект Московский, 184",Калининградская область,1023901023563,3906077008,0
"ООО ""ТОПЛИВО УРАЛА""",ПОНОМАРЁВА НАТАЛЬЯ АЛЕКСАНДРОВНА,"454045, Область Челябинская, г. Челябинск, Улица Маслобазовая, Дом 7, Офис 4",Челябинская область,1177456073926,7451426612,46.71
"ООО ""ИМПЕРИЯ ТОПЛИВА""",МАЛЫШЕВ ВАЛЕРИЙ АЛЕКСАНДРОВИЧ,"607650, Область Нижегородская, Район Кстовский, г. Кстово, Бульвар Нефтепереработчиков, Дом 11, Квартира 31",Нижегородская область,1175275007115,5250067102,46.71
"ООО ""ТОПЛИВО СИБИРИ""",БАРСУКОВ АЛЕКСАНДР ВЛАДИМИРОВИЧ,"671110, Республика Бурятия, Район Тарбагатайский, Село Вознесеновка, Улица Новая, Дом 33",Республика Бурятия,1180327007706,0319103593,47.30
"ООО ""ТОПЛИВО АРКТИКИ""",ВОРОБЬЕВ МИХАИЛ ВИКТОРОВИЧ,"183038, Область Мурманская, г. Мурманск, Переулок Терский, Дом 8, Офис 306",Мурманская область,1175190006980,5190072232,46.71
ООО «ДОН-ТОПЛИВО»,ОВЧАРЕНКО СЕРГЕЙ ГЕННАДЬЕВИЧ,"344022, Область Ростовская, г. Ростов-На-Дону, Улица Большая Садовая, Дом 150, Офис 904",Ростовская область,1186196001540,6163208101,46.71
"ООО ""ГОЛУБОЕ ТОПЛИВО""",АНДРЕЕВ ИЛЬЯ ВЛАДИМИРОВИЧ,"150000, Область Ярославская, г. Ярославль, Улица Свободы, 52/39",Ярославская область,1117604008323,7604205860,43.12
"ООО ""ДОСТАВКА ТОПЛИВА""",МУЛЛАХМЕТОВ РУЗИЛЬ ХАРИСОВИЧ,"422165, Республика Татарстан, Район Мамадышский, Село Красная Горка, Улица Свердлова, Дом 2к",Республика Татарстан,1181690038639,1626015750,46.71
"ООО ""ЛЮКС ТОПЛИВО""",БОНДАРЮК СЕРГЕЙ НИКОЛАЕВИЧ,"115597, г. Москва, Улица Тамбовская, Дом 4",Москва,1177746290930,7724405082,47.30
"ООО ""ЗАПАС ТОПЛИВА""",ТОЛСТОВ АЛЕКСАНДР ВАЛЕРЬЕВИЧ,"344006, Область Ростовская, г. Ростов-На-Дону, Проспект Соколова, Дом 18, Офис 9",Ростовская область,1156196064738,6163143253,46.71
"ООО ""ДЮНА-ТОПЛИВО""",АЗАРОВ ИВАН ВАЛЕРЬЕВИЧ,"105066, г. Москва, Улица Новорязанская, Дом 26, Строение 1, Помещение Ii Комната 1",Москва,5167746483548,9701059760,46.71
"ООО ""СОГАЛ-ТОПЛИВО""",ЧЕГИС КРИСТИНА ВИКТОРОВНА,"150044, Область Ярославская, г. Ярославль, Улица Урицкого, 26, 4",Ярославская область,1147602002481,7602105564,46.71
"ООО ""ТОПЛИВО-24""",СИДОРОВ МАТВЕЙ СЕРГЕЕВИЧ,"141018, Область Московская, Городской Округ Мытищи, г. Мытищи, Проспект Новомытищинский, 41, 1",Московская область,1125029001624,5029160133,46.71
"ООО ""ТОПЛИВО СПБ""",ЛЫСЕНКО ГЕРМАН АЛЕКСАНДРОВИЧ,"188480, Область Ленинградская, Район Кингисеппский, г. Кингисепп, Улица Жукова, Дом 20, Помещение 15",Ленинградская область,1174704000987,4707039521,46.71
"ООО ""ТОПЛИВО СИБИРИ""",АХМАЕВА ТАТЬЯНА АЛЕКСАНДРОВНА,"625025, Область Тюменская, г. Тюмень, Улица Интернациональная, Дом 138, Квартира 72",Тюменская область,1177232030546,7203432640,46.12
"ООО ""ТОПЛИВО ЮГА""",СНЕСЬ СТАНИСЛАВ АНАТОЛЬЕВИЧ,"353236, Край Краснодарский, Район Северский, Поселок Городского Типа Афипский, Улица Чапаева, Дом 159",Краснодарский край,1172375003393,2348039138,46.71
"ООО ""ЭКО-ТОПЛИВО""",РУДЬКО ИВАН ВИКТОРОВИЧ,"236001, Область Калининградская, г. Калининград, Улица Толбухина, Дом 20",Калининградская область,1143926037870,3906340153,20.59
"ООО ""ТОПЛИВО-УРФО""",КОРОБЕЙНИКОВ РОМАН НИКОЛАЕВИЧ,"620028, Область Свердловская, г. Екатеринбург, Улица Кирова, Дом 28, Офис 212",Свердловская область,1176658048467,6658501840,46.71
"ООО ""ВОСТОК ТОПЛИВО""",БОРИСОВ ДМИТРИЙ АНАТОЛЬЕВИЧ,"675000, Область Амурская, г. Благовещенск, Улица Первомайская, 1, Офис 214",Амурская область,1122801005623,2801173249,46.71
"ООО ""ЧИСТОЕ ТОПЛИВО""",ЧЕНЦОВ НИКОЛАЙ ИВАНОВИЧ,"241047, Область Брянская, г. Брянск, Улица Фосфоритная, Дом 7, Квартира 109",Брянская область,1083254006560,3250505850,46.71
"ООО ""ТОПЛИВО СИБИРИ""",ГЕРАСИМОВИЧ АЛЕКСАНДР ОЛЕГОВИЧ,"117593, г. Москва, Проезд Соловьиный, Дом 4, Корпус 1",Москва,1132468057292,2463250555,46.71
"ООО ""ЮГ-ТОПЛИВО""",ИЛЬИН НИКОЛАЙ АЛЕКСАНДРОВИЧ,"355002, Край Ставропольский, г. Ставрополь, Улица Артема, Дом 51, Офис 2",Ставропольский край,1162651058657,2634096218,46.71
"ООО ""ТОПЛИВО ЭКО""",ДРУЗЬ НИКОЛАЙ АЛЕКСАНДРОВИЧ,"353180, Край Краснодарский, Район Кореновский, г. Кореновск, Улица Фрунзе, 33, 21",Краснодарский край,1142373001792,2373006915,46.71
"ООО ""ГАЗОВОЕ ТОПЛИВО""",ЯМАЛОВ СЕРГЕЙ РАВИЛЕВИЧ,"456780, Область Челябинская, г. Озерск, Шоссе Озерское, Дом 22, Корпус 1, Офис 2",Челябинская область,1157456004529,7413021414,47.78
"ООО ""БИЗНЕС-ТОПЛИВО""",МЕЛЬНИК АЛЕКСАНДР ВИКТОРОВИЧ,"350062, Край Краснодарский, г. Краснодар, Улица Им Атарбекова, Дом 1/2, Корпус ,,,, Квартира ,,,",Краснодарский край,1122311001669,2311142820,46.71
"ООО ""ЮГ ТОПЛИВО""",Гнусова Дарья Александровна,"404103, Область Волгоградская, г. Волжский, Улица 7-Я Автодорога, Дом 26, Корпус А, Офис 35",Волгоградская область,1163443051573,3435123910,46.71
"ООО ""УРАЛСБЫТ-ТОПЛИВО""",ХАМАТМУЛЛИН РАДИК ХАМАТНУРОВИЧ,"450038, Республика Башкортостан, г. Уфа, Улица Кремлевская, 28, 1, Комната 88-А",Республика Башкортостан,1117449002098,7449103100,46.71
"ООО ""ТОПЛИВО ЛЮКС""",ИЛЬЮТИНА ИННА КОНСТАНТИНОВНА,"241016, Область Брянская, г. Брянск, Улица Донбасская, Дом 21, Квартира 2",Брянская область,1173256011664,3257057580,02.20
"ООО ""ЭНЕРГИЯ ТОПЛИВА""",БОКОВИКОВ ЮРИЙ АЛЕКСАНДРОВИЧ,"630041, Область Новосибирская, г. Новосибирск, Улица Хинганская, 1",Новосибирская область,1105404002439,5404408073,68.20
"ООО ""ТОПЛИВО ПЛЮС""",ЧУДАКОВА ТАТЬЯНА ВЛАДИМИРОВНА,"105120, г. Москва, Улица Сыромятническая Ниж., Дом 1/4, Строение 8, Помещение 16",Москва,1177746379535,7709997860,46.49
"ООО ""ТОПЛИВО ТЫСЯЧЕЛЕТИЯ""",СТЕПАНСКИЙ АНДРЕЙ ВИТАЛЬЕВИЧ,"105082, г. Москва, Переулок Переведеновский, Дом 13, Строение 4, Этаж 2 Пом I",Москва,1167746539872,9701042453,46.71
"ООО ""БОГАНДИНСКОЕ ТОПЛИВО""",ТОЛКАЧЕВ ЕВГЕНИЙ АЛЕКСЕЕВИЧ,"625000, Область Тюменская, г. Тюмень, Улица Герцена, Дом 72, Офис  202",Тюменская область,1157232042692,7203363884,46.71
"ООО ""ИННОВАЦИИ К ТОПЛИВУ""",МУРАВСКИЙ ИГОРЬ ВЛАДИМИРОВИЧ,"129515, г. Москва, Улица Академика Королева, Дом 13, Строение 1, Помещение Iv/1",Москва,1147746950120,7717792480,20.59
"ООО ""ТОПЛИВО-ВСС""",САФРОНОВ СЕРГЕЙ ВИКТОРОВИЧ,"123060, г. Москва, Улица Маршала Бирюзова, Дом 35, Корпус 2, Комната 1 Оф.13",Москва,1167746816115,7734389873,46.71
"ООО ""ТОПЛИВО СК""",ВАСИЛЬЕВ СВЯТОСЛАВ ВЛАДИМИРОВИЧ,"355002, Край Ставропольский, г. Ставрополь, Улица Артема, Дом 51",Ставропольский край,1162651060560,2634096578,47.30
"ООО ""МОБИЛЬНОЕ ТОПЛИВО""",ШАТРОВ АРТУР ИГОРЕВИЧ,"410012, Область Саратовская, г. Саратов, Площадь Театральная, Дом 11а, Офис 1",Саратовская область,1156451027281,6455064873,46.71
"ООО ""ТОПЛИВО - Л""",ФУРСОВ ДМИТРИЙ АЛЕКСАНДРОВИЧ,"398001, Область Липецкая, г. Липецк, Улица Советская, Дом 36, Офис 503-А",Липецкая область,1174827003482,4826130402,46.71
"ООО ""БИО-ТОПЛИВО""",ТРУФАНОВА КСЕНИЯ АРКАДЬЕВНА,"195220, г. Санкт-Петербург, Улица Бутлерова, Дом 24, Литера А, Квартира 18",Санкт-Петербург,1187847071807,7804617237,16.29
"ООО ""ТРАНС-ТОПЛИВО""",МУСТАФИНА РЕГИНА ЗУФАРОВНА,"420029, Республика Татарстан, г. Казань, Улица Сибирский Тракт, Дом 34, Корпус 3, Офис 32-07",Республика Татарстан,1131675001457,1623012380,41.20
"ООО ""КАЧЕСТВЕННОЕ ТОПЛИВО""",СПИРИДОНОВ МИХАИЛ СЕРГЕЕВИЧ,"153000, Область Ивановская, г. Иваново, Улица Станкостроителей, Дом 17, Офис 15",Ивановская область,1053701127391,3702077056,68.2
"ООО ""ТОПЛИВО 501""",СТАРЦЕВА ИРИНА МИХАЙЛОВНА,"125299, г. Москва, Улица Приорова, 2, А",Москва,1037739708456,7713205349,0
"ООО ""БЫСТРОЕ ТОПЛИВО""",МИТЬКОВСКАЯ СОФЬЯ ИГОРЕВНА,"664048, Область Иркутская, г. Иркутск, Улица Баумана, Дом 211, Квартира 64",Иркутская область,1163850083385,3810065450,46.71
"ООО "" ЗАПАД - ТОПЛИВО""",ЧЕРНЕНКО ВЛАДИМИР ВЯЧЕСЛАВОВИЧ,"238450, Область Калининградская, г. Мамоново, Улица Центральная, 8, 3",Калининградская область,1023902212960,3915001615,0
"ООО ""ЧИСТОЕ ТОПЛИВО""",ЧЕЧЕТКИН КОНСТАНТИН АНАТОЛЬЕВИЧ,"143330, Область Московская, Район Наро-Фоминский, Деревня Митяево, Улица Люповская, 1",Московская область,1125030000666,5030076398,16.23
"ООО ""ТРАНЗ ТОПЛИВО""",ЧУМАКОВА НАТАЛИЯ ВЛАДИМИРОВНА,"660031, Край Красноярский, г. Красноярск, Улица Рязанская, Дом 7, Помещение 6 Комната 3",Красноярский край,1162468093424,2462048804,46.12
"ООО ""РУССКОЕ ТОПЛИВО""",ПАШКОВ ДМИТРИЙ ВЛАДИМИРОВИЧ,"392000, Область Тамбовская, г. Тамбов, Улица Монтажников, 12",Тамбовская область,1116829005578,6829075506,52.10
"ООО ""СИБИРЬ-ТОПЛИВО""",ШЕФЕР ЕГОР ВЛАДИМИРОВИЧ,"656037, Край Алтайский, г. Барнаул, Улица Карагандинская, Дом 6а, Литер А, Кабинет 24",Алтайский край,1172225002597,2221231970,46.71
"ООО ""КАРЕЛЬСКОЕ ТОПЛИВО""",КОЛЕСНИК ВЛАДИМИР ВЛАДИМИРОВИЧ,"185031, Республика Карелия, г. Петрозаводск, Улица Зайцева (Октябрьский Р-Н), Дом 64а",Республика Карелия,1151001003801,1001295239,38.32
"ООО ""КУБАНСКОЕ ТОПЛИВО""",НЕДБАЙЛО НИКОЛАЙ НИКОЛАЕВИЧ,"353211, Край Краснодарский, Район Динской, Станица Новотитаровская, Улица Степная, Дом 26, Корпус 1",Краснодарский край,1172375096387,2373013687,46.71
"ООО ""ТОПЛИВО СИБИРИ""",Четвергова Наталья Анатольевна,"650001, Область Кемеровская, г. Кемерово, Улица Потемкина, Дом 1, Квартира 24",Кемеровская область,1174205018195,4205357947,46.71
"ООО ""ТОПЛИВА И ЭНЕРГЕТИКИ""",БЕРДУКАЕВ МАГОМЕД САИДМАГОМЕДОВИЧ,"368006, Республика Дагестан, г. Хасавюрт, Улица Комсомольская, Дом 102а",Республика Дагестан,1180571007825,0544012080,41.20
"ООО ""ВИП-ТОПЛИВО""",ЖУКОВА ДАРЬЯ ЛЕОНТИЕВНА,"117246, г. Москва, Проезд Научный, Дом 10, Офис 31",Москва,1177746599480,7728373177,46.71
"ООО ""АТРИР ТОПЛИВО""",ОРЕХОВ РОМАН РУСЛАНОВИЧ,"119530, г. Москва, Шоссе Очаковское, Дом 44, Этаж 2 Пом 18",Москва,1187746508102,9729271774,46.71
"ООО ""ЭКО ТОПЛИВО""",ТИТКОВ АЛЕКСАНДР ВАЛЕНТИНОВИЧ,"191024, г. Санкт-Петербург, Проспект Невский, Дом 137, Литер А, Помещение 22-Н, Офис 18а",Санкт-Петербург,1187847136400,7842152913,46.71
"ООО ""КАРЕЛЬСКОЕ ТОПЛИВО""",ВЕДЕРНИКОВ АЛЕКСАНДР ВЛАДИЛИНОВИЧ,"195220, г. Санкт-Петербург, Улица Бутлерова, Дом 24, Литера А, Квартира 18",Санкт-Петербург,1187847149610,7804620864,38.32
"МУП ""ТОПЛИВО""",СОКОЛОВА ЗУЛЬФИЯ РАФИСОВНА,"612927, Область Кировская, Район Малмыжский, Село Калинино, Улица Пролетарская, 51а",Кировская область,1034303503167,4317004918,36.00
"ООО ""ГАЗПРОМ ГАЗОМОТОРНОЕ ТОПЛИВО""",ЛИХАЧЕВ МИХАИЛ ВЛАДИМИРОВИЧ,"197046, г. Санкт-Петербург, Набережная Петроградская, Дом 20, Литер А",Санкт-Петербург,1063905088158,3905078834,68.32
"ООО ""ТОПЛИВО РЕСУРСЫ ТЕХНОЛОГИИ""",КУЗНЕЦОВА ТАТЬЯНА ГЕННАДЬЕВНА,"109052, г. Москва, Улица Подъёмная, Дом 14, Строение 37",Москва,1147746752658,7743930908,64.99
"ООО ""БУНКЕРНОЕ ТОПЛИВО И БИТУМЫ""",ГОЛОВКИН ИЛЬЯ СЕРГЕЕВИЧ,"461670, Область Оренбургская, Район Северный, Деревня Ремчугово, Улица Бугульминская, Дом 1",Оренбургская область,1145658012576,5645020544,19.20
"ООО ""ЧИСТОЕ ТОПЛИВО ЛТД""",КОЛОСОВ ИВАН ГЕННАДЬЕВИЧ,"241047, Область Брянская, г. Брянск, Улица Тельмана, Дом 66, Корпус 2, Квартира 60",Брянская область,1173256008595,3257055470,46.71
"ООО НПК ""ЭКО-ТОПЛИВО""",БУЛАВИН НИКОЛАЙ МИХАЙЛОВИЧ,"445000, Область Самарская, г. Тольятти, Улица Вокзальная, 44, 316",Самарская область,1076320015782,6321190724,46.71
"ООО ""ТОПЛИВОПОСТАВКА""",МАДАМИНОВ ХАБИБУЛЛО АНВАРОВИЧ,"620073, Область Свердловская, г. Екатеринбург, Улица Крестинского, Дом 44, Офис 117/1",Свердловская область,1169658030651,6679089296,46.71
"ООО ""ТОПЛИВООБЕСПЕЧЕНИЕ""",СКОЦЕЛЯС ИВАН АНАТОЛЬЕВИЧ,"121596, г. Москва, Улица Горбунова, Дом 2, Строение 3, Пом. Ii Ком. 12",Москва,1157746636520,7731287560,47.30
"ООО ""РЕЗОЛ-АЛЬТЕРНАТИВНОЕ ТОПЛИВО""",Ракитский Владимир Александрович,"140180, Область Московская, г. Жуковский, Улица Гагарина, Дом 5а, Помещение 56-3",Московская область,1135040007772,5040126866,45.3
"ООО ""ЭКО ТОПЛИВО ""ВОЛОГДА""",СОРОКА ВИКТОР ГРИГОРЬЕВИЧ,"129626, г. Москва, Проспект Мира, Дом 102, Корпус 1, Офис 86",Москва,1157746359462,7717286275,02.20
"ООО ""ТОПЛИВОПРОФ""",ИВАНОВА ЛЮБОВЬ БАСАНГОВНА,"117342, г. Москва, Улица Бутлерова, Дом 17б, Помещение Xi Комната 123",Москва,1157746378239,7728235466,46.71
"ООО ""НОВОЕ ТОПЛИВО ВК""",ОДНОШЕВИН ДМИТРИЙ ВЛАДИСЛАВОВИЧ,"620057, Область Свердловская, г. Екатеринбург, Улица Таганская, Дом 48, Квартира 93",Свердловская область,1136686020602,6686026787,46.71
"ООО ""ТОПЛИВОПЛЮС""",ТАРАНОВА СВЕТЛАНА ВЛАДИМИРОВНА,"614113, Край Пермский, г. Пермь, Улица Липатова, Дом 10, Офис 12",Пермский край,1155958103839,5908069750,46.90
"ООО ""ТОПЛИВОСБЫТ""",ГАРИФЗЯНОВА САРИЯ РАФКАТОВНА,"422000, Республика Татарстан, Район Арский, г. Арск, Улица Вокзальная, 3",Республика Татарстан,1031639802952,1609008103,0
"ООО ""ТОПЛИВОВСС""",ПАПИЯШВИЛИ АЛЕКСАНДР ВЛАДИМИРОВИЧ,"125481, г. Москва, Улица Свободы, Дом 93, Корпус 1, Квартира 239",Москва,5157746003400,7733256214,46.71
"ООО  ""ТОПЛИВО35""",ГЛЕБОВ РОМАН СТАНИСЛАВОВИЧ,"160000, Область Вологодская, г. Вологда, Улица Старое Ш, 5а",Вологодская область,1143525011178,3525326880,46.71
"ООО ""ТОПЛИВОЭНЕРГОСТРОЙСНАБКОМПЛЕКТ""",БАШИРОВА МАРЗИГАТ САЙГИДМАГОМЕДОВНА,"367009, Республика Дагестан, г. Махачкала, Улица Восточная, 7, ---, 3",Республика Дагестан,1030502459822,0560027492,0
"ООО ""ТОПЛИВОТОРГ""",Овчинников Максим Вячеславович,"350051, Край Краснодарский, г. Краснодар, Улица Монтажников, Дом 1/4, Помещение 7",Краснодарский край,1162375003340,2308228925,46.71
"ООО ""ТЕПЛОЭНЕРГЕТИЧЕСКАЯ КОМПАНИЯ-ТОПЛИВО""",ПРОТАСОВ АЛЕКСАНДР ВЛАДИМИРОВИЧ,"186000, Республика Карелия, Район Олонецкий, г. Олонец, Улица Володарского, 20",Республика Карелия,1071007001889,1014010642,46.12
"ООО ""СКАН-ТОПЛИВО СЕРВИС""",ДМИТРИЕВ ПАВЕЛ НИКОЛАЕВИЧ,"188643, Область Ленинградская, Район Всеволожский, г. Всеволожск, Шоссе Дорога Жизни, 8-Й Км.",Ленинградская область,1034700559728,7816114615,47.30
"ООО ""ТОПЛИВО СЫРЬЕВАЯ КОМПАНИЯ""",НАГОВИЦИН ВИКТОР ЮРЬЕВИЧ,"617080, Край Пермский, Район Большесосновский, Село Большая Соснова, Улица Карла Маркса, Дом 105",Пермский край,1145958017985,5947998690,46.71
"ООО ""ГАЗОМОТОРНОЕ ТОПЛИВО-ВОЛГОГРАД""",ДЕНИСОВ ГРИГОРИЙ НИКОЛАЕВИЧ,"400081, Область Волгоградская, г. Волгоград, Улица Ангарская, Дом 90",Волгоградская область,1143443017211,3443929774,45.20
"ООО ""ОПТ-ТОПЛИВО-РЕГИОН""",Воробьев Денис Викторович,"119501, г. Москва, Улица Староволынская, Дом 12, Корпус 4, Пом  Ii Ком 9",Москва,1187746371317,9729268972,46.71
"ООО ""ТОПЛИВОТОРГ""",ХАНЫКИН КОНСТАНТИН ВАСИЛЬЕВИЧ,"111020, г. Москва, Улица Наличная, Дом 3, Помещ Ii Комн 3в",Москва,1187746034552,7722432274,46.71
"ООО ""ТОПЛИВООБЕСПЕЧЕНИЕ""",ГРУЗДОВ АНДРЕЙ СЕРГЕЕВИЧ,"660012, Край Красноярский, г. Красноярск, Улица Анатолия Гладкова, Дом 4, Офис 4 - 09",Красноярский край,1172468044418,2464137496,46.71
"ООО ""ТОПЛИВОРЕСУРС""",ШТЕЛЬВАК ВЛАДИМИР ЛЬВОВИЧ,"675000, Область Амурская, г. Благовещенск, Улица Чайковского, 7",Амурская область,1122801006492,2801174098,46.71
"ООО ""ТОПЛИВОСНАБ""",ОКОЛЕЛОВ СЕРГЕЙ ВАЛЕРЬЕВИЧ,"630008, Область Новосибирская, г. Новосибирск, Улица Московская, Дом 93, Офис 2",Новосибирская область,1155476143316,5405969177,46.71
"ООО  ""ТОПЛИВОНК""",ЛАРШИН МАКСИМ ЕВГЕНЬЕВИЧ,"654043, Область Кемеровская, г. Новокузнецк, Шоссе Северное, Дом 16 А, Офис 14",Кемеровская область,1154253000285,4253026448,46.71
"ООО ""ТОПЛИВОСБЫТ""",КОСТИН ДЕНИС АНАТОЛЬЕВИЧ,"656049, Край Алтайский, г. Барнаул, Улица Интернациональная, Дом 122, Офис 906",Алтайский край,1172225000199,2225178170,46.71
"ООО ""ТОПЛИВОНСК""",НЕФЕДЬЕВ АНТОН ПАВЛОВИЧ,"630005, Область Новосибирская, г. Новосибирск, Улица Некрасова, 50, Офис 904",Новосибирская область,1135476052843,5406742299,46.71
"ООО ""ТОПЛИВОТРЕЙД""",БЕЛОЗЕРОВ СТАНИСЛАВ ЮРЬЕВИЧ,"390037, Область Рязанская, г. Рязань, Шоссе Касимовское, Дом 67, Корпус 2, Лит. А Пом. Н5",Рязанская область,1166234062950,6234157819,46.71
"ООО ""ТОПЛИВОСНАБЖЕНИЕ""",КОВТУН НИКОЛАЙ АЛЕКСАНДРОВИЧ,"628422, Автономный Округ Ханты-Мансийский Автономный Округ - Югра, г. Сургут, Шоссе Нефтеюганское, Дом 58/1, Офис  3",Ханты-Мансийский автономный округ,1188617009800,8602287010,46.71
"ООО ""ТОПЛИВОСНАБ""",ОРЛОВ АРТЕМ СЕРГЕЕВИЧ,"656006, Край Алтайский, г. Барнаул, Улица Балтийская, Дом 30, Офис 6",Алтайский край,1162225099552,2222852578,46.71
"ООО ""ТОПЛИВОСНАБ""",АВЕРИН МАКСИМ ЮРЬЕВИЧ,"658210, Край Алтайский, г. Рубцовск, Улица Красная, 100",Алтайский край,1102209000057,2209037510,46.71
"СНТ ""СКЛАД ТОПЛИВА""",ТИМУКИНА АЛЬБИНА ЯКОВЛЕВНА,"660028, Край Красноярский, г. Красноярск, Улица Ладо Кецховели, 75, ""А"", 202",Красноярский край,1042402220497,2463050010,68.32
"ООО ""ТАЙМЫРСКОЕ ПРЕДПРИЯТИЕ ПО ОБЕСПЕЧЕНИЮ ТОПЛИВОМ""",ПЕЛЕВИН ДЕНИС АЛЕКСАНДРОВИЧ,"647000, Край Красноярский, Район Таймырский Долгано-Ненецкий, г. Дудинка, Улица Полевая, 26",Красноярский край,1048400001385,8401010434,52.29
"ООО ""СИНТЕТИЧЕСКОЕ ТОПЛИВО И НЕФТЕХИМИЧЕСКИЕ ПРОДУКТЫ""",ЛУКАШЕНКО ЕКАТЕРИНА АЛЕКСАНДРОВНА,"390011, Область Рязанская, г. Рязань, Шоссе Ряжское, Дом 20, Офис 218",Рязанская область,1176234011084,6230103795,46.71
"ООО ""ТОПЛИВОСБЫТ""",Майкенов Алмас Валерьевич,"640007, Область Курганская, г. Курган, Улица Некрасова, Дом 12, Квартира 502",Курганская область,1154501000026,4501199112,46.71
"ООО ""ТОПЛИВОСБЫТ""",ОБУХОВ СТАНИСЛАВ ИГОРЕВИЧ,"654041, Область Кемеровская, г. Новокузнецк, Улица Транспортная, Дом 47а, Офис 5",Кемеровская область,1144205012126,4205291870,46.71
"ООО ""ТОПЛИВОСБЫТ""",КОРЖОВА ОКСАНА АНАТОЛЬЕВНА,"344011, Область Ростовская, г. Ростов-На-Дону, Улица Тельмана, 31 ""А""",Ростовская область,1026102023397,6144008700,68.2
"ООО ""ТОПЛИВО-ЗАПРАВОЧНЫЙ КОМПЛЕКС ""РАМЕНСКОЕ""",ЛИТИНСКИЙ ГРИГОРИЙ ИВАНОВИЧ,"140180, Область Московская, г. Жуковский, Улица Туполева, Корп. № 57, Комн. № 30",Московская область,1075013000259,5013054299,46.12
"ООО ""ТОПЛИВОСНАБЖАЮЩАЯ КОМПАНИЯ""",ВДОВИН СЕРГЕЙ ВАЛЕРЬЕВИЧ,"692036, Край Приморский, г. Лесозаводск, Улица Гайдара, Дом 6, Квартира 24",Приморский край,1152507000194,2507011123,47.78
"ООО ""ТОПЛИВОЗАПРАВЩИК-24""",ТЕЛЬНОВ АЛЕКСАНДР ОЛЕГОВИЧ,"298300, Республика Крым, г. Керчь, Улица Свердлова, Дом 49а",Республика Крым,1159102122871,9111019148,46.71
"СТСН""ТОПЛИВНИК""",ВОРОБЖАНСКАЯ ТАТЬЯНА НИКОЛАЕВНА,"299703, г. Севастополь, г. Инкерман, Улица Погорелова, Дом 37",Севастополь,1159204026805,9202502345,68.32
"ООО ""ТК ТОПЛИВОТОРГ""",БОРЗЫХ АЛЕКСАНДР ВЛАДИМИРОВИЧ,"630075, Область Новосибирская, г. Новосибирск, Улица Богдана Хмельницкого, Дом 35, Квартира 20",Новосибирская область,1145476071245,5410785070,46.71
"ООО ""ТОПЛИВОСНАБ 1""",МАКАРОВА ВЕРОНИКА СЕРГЕЕВНА,"630005, Область Новосибирская, г. Новосибирск, Улица Ломоносова, 61, Офис 21",Новосибирская область,1092204003110,2204044610,52.21
"ООО ""ТК ТОПЛИВОТРЕЙД""",АРБУЗОВ СЕРГЕЙ АЛЕКСАНДРОВИЧ,"390037, Область Рязанская, г. Рязань, Шоссе Касимовское, Дом 57, Корпус 1, Пом/Оф Н23/1",Рязанская область,1176234025846,6234172969,46.71
"КОКП ""УПРАВЛЕНИЕ ПО ОБЕСПЕЧЕНИЮ ТОПЛИВОМ""",БАКЛАКОВ ВЛАДИМИР ГЕННАДЬЕВИЧ,"610021, Область Кировская, г. Киров, Улица Воровского, 92, 27",Кировская область,1084345009957,4345228420,46.71
"МП ""ТОПЛИВООБЕСПЕЧЕНИЕ""",НОВИКОВ ВЛАДИМИР ДМИТРИЕВИЧ,"249500, Область Калужская, Поселок Бетлица, Улица Кирова, 49",Калужская область,1034002601797,4010001956,81.29
"НП ПО РАСПРЕДЕЛЕНИЮ Г/О ТОПЛИВА ""НАДЕЖДА""",ПРОПОШИНА НАДЕЖДА ВЯЧЕСЛАВОВНА,"142830, Область Московская, Район Ступинский, Деревня Шугарово",Московская область,1045009151109,5045031640,94.99
"РОО ""ГРАЖДАНСКИЙ КОНТРОЛЬ КАЧЕСТВА ТОПЛИВА""",КУРЗАНЦЕВ ДМИТРИЙ АЛЕКСАНДРОВИЧ,"115407, г. Москва, Набережная Нагатинская, 56а",Москва,1127799010130,7725351111,94.99
"ООО ""ТОПЛИВНОЕ""",НЕСТЕРЕНКО НАДЕЖДА ПАВЛОВНА,"676950, Область Амурская, Район Тамбовский, Село Тамбовка, Улица Техническая, 48, Б, Офис 13",Амурская область,1092827000474,2827008190,47.78
АССОЦИАЦИЯ ОРГАНИЗАЦИЙ ТОПЛИВООБЕСПЕЧЕНИЯ АОН,КРУШИНСКИЙ ЮРИЙ ИВАНОВИЧ,"129110, г. Москва, Улица Переяславская Б., Дом 46, Строение 2",Москва,1167700055588,7702400299,73.20
"ООО ""НЕФТЯНАЯ КОМПАНИЯ ТОПЛИВОСНАБ-СИБИРЬ""",СЕМЕНОВ ИГОРЬ ВЛАДИМИРОВИЧ,"658227, Край Алтайский, г. Рубцовск, Улица Водная, 19",Алтайский край,1022200811951,2209016817,46.71
"ООО ""ТОПЛИВНЫЕ РЕСУРСЫ""",БАТИЩЕВ ОЛЕГ АЛЕКСАНДРОВИЧ,"644073, Область Омская, г. Омск, Улица Солнечная 2-Я, Дом 41, Корпус 2, Помещение 2",Омская область,1165543081076,5507170880,46.71
"ООО ""ТОПЛИВНАЯ КОМПАНИЯ""",КОЛТАШОВ АНАТОЛИЙ НИКОЛАЕВИЧ,"641400, Область Курганская, Район Притобольный, Село Глядянское, Улица Советская, 17",Курганская область,1134510001108,4518019960,47.78
"ООО ""ТОПЛИВНЫЙ РЕСУРС""",УДОВЕНКО АЛЕКСАНДР АЛЕКСАНДРОВИЧ,"454108, Область Челябинская, г. Челябинск, Улица Игуменка, 23, Офис 25",Челябинская область,1127447003090,7447206131,46.71
"ООО ""ТОПЛИВНЫЙ АЛЬЯНС""",СКОРОХВАТОВА МАРИНА ДМИТРИЕВНА,"295053, Республика Крым, г. Симферополь, Улица Мате Залки, Дом 1, Помещение 1, Кабинет 3",Республика Крым,1179102018072,9102231691,46.71
"ООО ""ТОПЛИВНЫЙ РЕЗЕРВ""",УЛЬЯНОВА ЕЛЕНА ВЯЧЕСЛАВОВНА,"630005, Область Новосибирская, г. Новосибирск, Улица Некрасова, 50, Офис 904",Новосибирская область,1077447010068,7447112902,47.30
"ООО ""ТОПЛИВНЫЕ СИСТЕМЫ""",БЛИНОВ ЕВГЕНИЙ ВИТАЛЬЕВИЧ,"644010, Область Омская, г. Омск, Улица Съездовская, Дом 41, Квартира 214",Омская область,1145543020006,5504246362,46.90
"ООО ""ТОПЛИВНЫЕ ТРУБЫ""",ШТОЛЛЬ АНДРЕЙ ВАЛЕРЬЕВИЧ,"656038, Край Алтайский, г. Барнаул, Улица Папанинцев, Дом 15",Алтайский край,1162225058412,2225168373,28.11
"ООО ""ТОПЛИВНОЕ ОБЕСПЕЧЕНИЕ""",ГОЗАЛИШВИЛИ МОРИС КУКУРИЕВИЧ,"214036, Область Смоленская, г. Смоленск, Улица Попова, Дом 17, Строение 1, Офис 305",Смоленская область,1166733057149,6732123160,46.71
"ООО  ""ТОПЛИВНАЯ ЛИНИЯ""",ОКАТЕНКО ТАТЬЯНА АНДРЕЕВНА,"119049, г. Москва, Проспект Ленинский, 4, Стр.1а",Москва,5107746024403,7706747936,46.1
"ООО ""ТОПЛИВНЫЙ СОЮЗ""",ГУБАРЕВ АЛЕКСАНДР ПАВЛОВИЧ,"350000, Край Краснодарский, г. Краснодар, Улица Пашковская, Дом 41",Краснодарский край,1132308009712,2308201867,46.71
"ООО ""ТОПЛИВНЫЙ АЛЬЯНС""",БРОВКИН РОМАН АЛЕКСЕЕВИЧ,"150048, Область Ярославская, г. Ярославль, Шоссе Силикатное, 16, Офис 209",Ярославская область,1127604007717,7604225673,46.71
"ООО ""ТОПЛИВНЫЙ ТРАНЗИТ""",КОРОЛЕВА ОКСАНА ВЯЧЕСЛАВОВНА,"150001, Область Ярославская, г. Ярославль, Улица Большая Федоровская, 76в, 61",Ярославская область,1147604013920,7604265725,46.71
"ООО ""ТОПЛИВНАЯ КОМПАНИЯ""",ОТТ СЕРГЕЙ АНДРЕЕВИЧ,"630032, Область Новосибирская, г. Новосибирск, Микрорайон Горский, Дом 72",Новосибирская область,1125476012089,5404453710,46.71
"ООО ""ТОПЛИВНЫЙ РЕЗЕРВ""",ГОРЛОВ БОРИС МИХАЙЛОВИЧ,"676720, Область Амурская, Район Бурейский, Поселок Городского Типа Новобурейский, Улица Советская, Дом 80, Офис 7",Амурская область,1162801062874,2813010111,52.10
"ООО ""ТОПЛИВНАЯ КОМПАНИЯ""",ФАДЕЕВА ЮЛИЯ СЕРГЕЕВНА,"684014, Край Камчатский, Район Елизовский, Поселок Нагорный, Улица Гагарина, Дом 7, Квартира 2",Камчатский край,1154177000559,4105044605,47.30
"ООО ""ТОПЛИВНЫЙ АЛЬЯНС""",ШЕМШУР ДМИТРИЙ ВАСИЛЬЕВИЧ,"445046, Область Самарская, г. Тольятти, Улица Мурысева, Дом 51, Квартира 106",Самарская область,1166313145294,6324076040,46.71
"ООО ""ТОПЛИВНАЯ КОМПАНИЯ""",ТЮТЬМАНОВ РОМАН ВИКТОРОВИЧ,"142105, Область Московская, г. Подольск, Улица Большая Серпуховская, Дом 55, Помещение 220",Московская область,1155074010167,5036154691,47.30
"ООО ""ТОПЛИВНЫЙ МИР""",МУХУТДИНОВА НАЖИЯ ЗИННУРОВНА,"115054, г. Москва, Улица Щипок, Дом 18, Стр 1",Москва,1037739315767,7714263209,46.49
"ООО ""ТОПЛИВНЫЙ СОЮЗ""",УЛЬЯНКИН ВИКТОР АНАТОЛЬЕВИЧ,"107113, г. Москва, Площадь Сокольническая, Дом 4а, Пом Iv Ком 34",Москва,1157746817007,7718273039,46.71
"ООО ""ТОПЛИВНЫЙ АЛЬЯНС""",ЗАХАРОВА АННА АЛЕКСАНДРОВНА,"188305, Область Ленинградская, Район Гатчинский, г. Гатчина, Улица Володарского, Дом 9, Помещение 58",Ленинградская область,1174704006432,4705073559,46.71
"ООО ""ТОПЛИВНЫЙ СТАНДАРТ""",ЛИТВИНЕНКО АЛЕКСАНДР ВЛАДИМИРОВИЧ,"196084, г. Санкт-Петербург, Улица Заставская, Дом 33, Литер Д, Помещение 31",Санкт-Петербург,1137847096903,7816557896,46.71
"ООО ""ТОПЛИВНЫЙ РЕСУРС""",ВИНОГРАДОВА АНАСТАСИЯ ИГОРЕВНА,"197198, г. Санкт-Петербург, Проспект Добролюбова, Дом 23, Литер А, Помещение 1н  Офис 4а",Санкт-Петербург,1177847077275,7813272652,46.71
"ООО ""ТОПЛИВНЫЕ СИСТЕМЫ""",КОРСУКОВ ЕВГЕНИЙ АЛЕКСАНДРОВИЧ,"630007, Область Новосибирская, г. Новосибирск, Улица Октябрьская, Дом 42, Офис 301",Новосибирская область,1125476083370,5406711163,27.90
"ООО ""ТОПЛИВНЫЙ АЛЬЯНС""",ВЛАДИМИРОВА ТАТЬЯНА ИВАНОВНА,"445039, Область Самарская, г. Тольятти, Улица Дзержинского, Дом 19, Офис 211",Самарская область,1186313033136,6321446207,46.71
"ООО ""ТОПЛИВНЫЕ ГРАНУЛЫ""",КРЫШКО АНДРЕЙ ГАВРИЛОВИЧ,"197110, г. Санкт-Петербург, Коса Петровская, Дом 1, Корпус 1, Литер Р, Помещение 13-Н",Санкт-Петербург,1177847138116,7813276745,16.29
"ООО ""ТОПЛИВНЫЕ СИСТЕМЫ""",ХЛОБЫСТОВ АНДРЕЙ ВИКТОРОВИЧ,"628616, Автономный Округ Ханты-Мансийский Автономный Округ - Югра, г. Нижневартовск, Улица Мира, 14/П, 38",Ханты-Мансийский автономный округ,1128603010678,8603189181,46.71
"ООО ""ТОПЛИВНЫЙ СОЮЗ""",ПАНЧЕНКО ВЛАДИМИР НИКОЛАЕВИЧ,"659322, Край Алтайский, г. Бийск, Улица Социалистическая, 17/12",Алтайский край,1142204006086,2204073025,46.90
"ООО ""ТОПЛИВНАЯ КОМПАНИЯ""",ДАВЛЕТШИН РЕНАТ ИСХАКОВИЧ,"423250, Республика Татарстан, Район Лениногорский, г. Лениногорск, Улица Чайковского, 19и",Республика Татарстан,1101689000907,1649018443,47.3
"ООО ""ТОПЛИВНЫЕ ТЕХНОЛОГИИ""",БОРОДИН ИГОРЬ ЕВГЕНЬЕВИЧ,"391038, Область Рязанская, Район Клепиковский, Деревня Егорово, Литера В,В,В",Рязанская область,1126234000958,6234099701,46.71
"ООО ""ТОПЛИВНЫЕ РЕСУРСЫ""",ИВАНОВА ОЛЬГА НИКОЛАЕВНА,"127273, г. Москва, Аллея Берёзовая, Дом 7б, Пом V Офис 1",Москва,1177746022882,9715289161,46.71
"ООО ""ТОПЛИВНЫЙ СОЮЗ""",Загородников Андрей Сергеевич,"620072, Область Свердловская, г. Екатеринбург, Улица Владимира Высоцкого, Дом 18, Офис 3",Свердловская область,1169658084507,6658489600,46.71
"ООО ""ТОПЛИВНЫЙ ТЭК""",АХМЕТОВА КСЕНИЯ АНАТОЛЬЕВНА,"443041, Область Самарская, г. Самара, Улица Красноармейская, 76, Помещение 2",Самарская область,1106632000540,6632032304,47.30
"ООО ""ТОПЛИВНЫЕ РЕСУРСЫ""",ВЛАСЮК АЛЕКСЕЙ ГЕННАДЬЕВИЧ,"650051, Область Кемеровская, г. Кемерово, Проспект Кузнецкий, 176, 2",Кемеровская область,1084205005565,4205152435,45.1
"ООО ""ТОПЛИВНЫЙ РЕГИОН""",ЕРАСТОВА АЛИСА ЕВГЕНЬЕВНА,"460006, Область Оренбургская, г. Оренбург, Улица Комсомольская, Дом 85, Квартира 83",Оренбургская область,1145658032189,5609098552,47.30
"ООО ""ТОПЛИВНОЕ ОБЕСПЕЧЕНИЕ""",КУТЕЛЬМАХ АНДРЕЙ ИГОРЕВИЧ,"184355, Область Мурманская, Район Кольский, Поселок Городского Типа Мурмаши, Улица Кирова, 9, Офис 28",Мурманская область,1125105001339,5105095753,49.41
"ООО ""ТОПЛИВНАЯ КОМПАНИЯ""",КЛЕМИН АЛЕКСЕЙ СЕРГЕЕВИЧ,"430005, Республика Мордовия, г. Саранск, Проспект Ленина, Дом 21, Офис 517",Республика Мордовия,1111326000400,1326217843,68.20
"ООО ""ТОПЛИВНЫЙ РЕЗЕРВ""",ОГОРОДНИКОВ ИЛЬЯ СЕРГЕЕВИЧ,"610002, Область Кировская, г. Киров, Улица Свободы, Дом 106, Квартира 1",Кировская область,1114345032768,4345310794,19.20
"ООО ""ТОПЛИВНОЕ ОБЕСПЕЧЕНИЕ""",СЕРЕБРЯКОВ ЕВГЕНИЙ ВАЛЕНТИНОВИЧ,"111116, г. Москва, Улица Энергетическая, 6",Москва,1127746116376,7722768884,46.71
"ООО ""ТОПЛИВНАЯ КОМПАНИЯ""",БАБИН АНТОН АНДРЕЕВИЧ,"454004, Область Челябинская, г. Челябинск, Улица Академика Сахарова, Дом 12, Квартира 56",Челябинская область,1177456015142,7453306550,46.71
"ООО ""ТОПЛИВНЫЙ ПАРТНЕР """,КОПЫЛОВ АНАТОЛИЙ АЛЕКСАНДРОВИЧ,"620043, Область Свердловская, г. Екатеринбург, Улица Репина, Дом 84, Квартира 234",Свердловская область,1169658061242,6658487433,46.71
"ООО ""ТОПЛИВНАЯ СФЕРА""",ДЕНИСОВ ЕФИМ ВАЛЕРЬЕВИЧ,"654006, Область Кемеровская, г. Новокузнецк, Улица Энтузиастов, Дом 9, Кабинет  406",Кемеровская область,1164205056795,4205324892,46.71
"ООО ""ТОПЛИВНАЯ КОМПАНИЯ""",ИВАНОВА ВАЛЕРИЯ ЕВГЕНЬЕВНА,"650036, Область Кемеровская, г. Кемерово, Улица Терешковой, 45",Кемеровская область,1094205014188,4205182687,46.4
"ООО ""ТОПЛИВНЫЙ ПОРЯДОК""",ЯТМАНОВ ФЁДОР НИКОЛАЕВИЧ,"196158, г. Санкт-Петербург, Проспект Дунайский, Дом 5, Корпус 7, Квартира 106",Санкт-Петербург,1167847285990,7810469749,46.90
"ООО ""ТОПЛИВНЫЙ РЕГИОН""",КАРЛОВ АЛЕКСЕЙ ИГОРЕВИЧ,"143005, Область Московская, Район Одинцовский, г. Одинцово, Шоссе Можайское, Дом 66б",Московская область,1165032060192,5032257840,47.30
"ООО ""ТОПЛИВНАЯ КОМПАНИЯ""",ШКЛЯЕВ АЛЕКСЕЙ ИВАНОВИЧ,"426033, Республика Удмуртская, г. Ижевск, Улица 50 Лет Пионерии, Дом 41, Литер А, Офис 11",Удмуртская Республика,1181832002703,1831188995,46.71
"ООО ""ТОПЛИВНЫЕ СИСТЕМЫ""",ВАСИЛЬЧУК СЕРГЕЙ ВИКТОРОВИЧ,"675000, Область Амурская, Район Благовещенский, Село Чигири, Улица Воронкова, Дом 17а, Этаж 2",Амурская область,1182801000216,2812172134,46.90
"ООО ""ТОПЛИВНЫЙ РЕГИОН""",УСАЧЁВ ЕВГЕНИЙ ЮРЬЕВИЧ,"142412, Область Московская, Район Ногинский, г. Ногинск, Улица Климова, Дом 50",Московская область,1165053056255,5031123570,46.71
"ООО ""ТОПЛИВНЫЙ БАЛАНС""",КОМЛЕВ ДМИТРИЙ ГЕОРГИЕВИЧ,"620050, Область Свердловская, г. Екатеринбург, Улица Монтажников, 18",Свердловская область,1146678017782,6678051606,68.20
"ООО ""ТОПЛИВНЫЙ АЛЬЯНС""",АНЗОРОВ ИБРАГИМ УВАЙСОВИЧ,"107078, г. Москва, Улица Басманная Нов., Дом 23б, Строение 20, Офис  401",Москва,1167746245875,7743144380,46.71
"ООО ""ТОПЛИВНЫЕ ТЕХНОЛОГИИ""",ЯКОВЛЕВА НИНА ДМИТРИЕВНА,"454052, Область Челябинская, г. Челябинск, Улица Комаровского, 4, А, Помещение 07",Челябинская область,1137453002830,7453253732,46.7
"ООО ""ТОПЛИВНАЯ КОМПАНИЯ""",ПЛЕТНИКОВ ИГОРЬ ФЁДОРОВИЧ,"626150, Область Тюменская, г. Тобольск, Микрорайон Строитель, Дом 36",Тюменская область,1157232039216,7206053707,46.71
"ООО ""ТОПЛИВНОЕ ОБЕСПЕЧЕНИЕ""",ШЕСТАКОВИЧ ВАЛЕРИЙ РОСТИСЛАВОВИЧ,"628415, Автономный Округ Ханты-Мансийский Автономный Округ - Югра, г. Сургут, Улица Чехова, Дом 6/2, Офис 313",Ханты-Мансийский автономный округ,1158602003614,8602256614,46.71
"ООО ""ПО ""ТОПЛИВНЫЕ СИСТЕМЫ""",МАСЛЕННИКОВА ЕЛЕНА ВАЛЕРЬЕВНА,"190000, г. Санкт-Петербург, Улица Самойловой, 5",Санкт-Петербург,1027808013243,7816188173,77.39
"ООО ""ТОПЛИВНАЯ КОМПАНИЯ""",КАРАВАЕВ ЮРИЙ ЕГОРОВИЧ,"623950, Область Свердловская, г. Тавда, Улица Лесопильщиков, 2а",Свердловская область,1116634000042,6634012663,46.71
"ООО ""ТОПЛИВНАЯ КОМПАНИЯ""",ВОЛКОВ АЛЕКСЕЙ ФЕДОРОВИЧ,"664013, Область Иркутская, г. Иркутск, Улица Кирзаводская, Дом 40",Иркутская область,1163850057337,3810062579,46.71
"ООО ""ТОПЛИВНЫЙ АЛЬЯНС""",СКОРОХВАТОВ ОЛЕГ ГЕННАДЬЕВИЧ,"119361, г. Москва, Улица Очаковская Б., Дом 47а, Строение 1, Помещение 01д, Этаж 3",Москва,5167746302818,9729037076,46.71
"ООО ""ТОПЛИВНАЯ КОМПАНИЯ""",СЕМЬЮШКИНА ОЛЬГА ПЕТРОВНА,"300911, Область Тульская, г. Тула, Поселок Ново-Скуратово, Дом 101-А, Литер Г",Тульская область,1147154034004,7107551934,46.71
"ООО ""ТОПЛИВНЫЕ БРИКЕТЫ""",КИЗИМ ДЕНИС АНАТОЛЬЕВИЧ,"350000, Край Краснодарский, г. Краснодар, Улица Им Калинина, 466/18",Краснодарский край,1142308005949,2308209834,16.10
"ООО ""ТОПЛИВНЫЙ ДВОР""",МИЛЛЕР АЛЕКСАНДР ЕВГЕНЬЕВИЧ,"Область Кемеровская, г. Новокузнецк, Проспект Дружбы, Дом 39, Помещение 316",Кемеровская область,1154217004446,4217171658,46.71
"ООО ""ТОПЛИВНЫЙ АЛЬЯНС""",КОВАЛЕВА ВАЛЕНТИНА ИВАНОВНА,"630015, Область Новосибирская, г. Новосибирск, Улица Гоголя, 222",Новосибирская область,1035400522255,5401209190,46.71
"ООО ""ТОПЛИВНЫЙ АУДИТ""",НЕСТЕРОВ ВАЛЕРИЙ ВИКТОРОВИЧ,"117393, г. Москва, Улица Гарибальди, Дом 26, Корпус 1",Москва,5147746364156,7728896593,46.18
"ООО ""ТОПЛИВНЫЙ БРИКЕТ""",ЕРЕМЕНКО ВАСИЛИЙ ВАСИЛЬЕВИЧ,"679000, Автономная Область Еврейская, г. Биробиджан, Улица Шолом-Алейхема, 69, Помещение 41",Еврейская автономная область,1147901000895,7901544136,08.92
"ООО ""ТОПЛИВНЫЕ СИСТЕМЫ""",НЕСТЕРОВ СЕРГЕЙ ВИТАЛЬЕВИЧ,"142400, Область Московская, Район Ногинский, г. Ногинск, Улица 3 Интернационала, 72",Московская область,1145031002016,5031110926,28.12
"ООО ""ТОПЛИВНАЯ КОМПАНИЯ""",КОМАРОВ ДМИТРИЙ НИКОЛАЕВИЧ,"600001, Область Владимирская, г. Владимир, Улица Дворянская, Дом 27а, Корпус 1, Помещение 50",Владимирская область,1153327001013,3327126487,19.20
"ООО ""ТОПЛИВНЫЙ ЦЕНТР""",ДУДИНЦЕВ МАКСИМ ВЛАДИМИРОВИЧ,"199106, г. Санкт-Петербург, Проспект Большой В.О., Дом 87, Литер А, Помещение 7-Н",Санкт-Петербург,1167847250482,7801310945,46.71
"ООО ""ТОПЛИВНЫЙ АЛЬЯНС""",СЕРГЕЕВА ЛАРИСА ВАЛЕРЬЕВНА,"620142, Область Свердловская, г. Екатеринбург, Улица Фрунзе, Дом 54, Офис 2",Свердловская область,1146671070677,6671001275,46.71
"ООО ""ТОПЛИВНЫЙ РЕСУРС""",ШИНДЯЙКИН ЭДУАРД НИКОЛАЕВИЧ,"111394, г. Москва, Улица Перовская, 73, Стр.1",Москва,1127746394160,7720751123,46.71
"ООО ""ТОПЛИВНЫЕ ЛИНИИ""",КАЗИНЦЕВ ДМИТРИЙ ВИКТОРОВИЧ,"129327, г. Москва, Проезд Анадырский, Дом 19/2, Пом Комн 9/2",Москва,1157746200237,7716243889,49.41
"ООО ""ТОПЛИВНЫЙ РЕСУРС""",АЛЕШИН АЛЕКСАНДР АЛЕКСАНДРОВИЧ,"454077, Область Челябинская, г. Челябинск, Улица Мамина, 17а, Помещение 2, Офис 2/18",Челябинская область,1147452005910,7452119325,46.71
"ООО ""ТОПЛИВНЫЙ АЛЬЯНС""",УДАРОВ ВАЛЕРИЙ ВЛАДИМИРОВИЧ,"625048, Область Тюменская, г. Тюмень, Улица Промышленная, Дом 16, Квартира 282",Тюменская область,1157232033254,7203355788,46.71
"ООО ""ТОПЛИВНЫЕ ТЕХНОЛОГИИ""",КИВА НИКИТА АНАТОЛЬЕВИЧ,"350004, Край Краснодарский, г. Краснодар, Улица Им Калинина, Дом 125, Помещение 12",Краснодарский край,1172375077401,2308249114,46.71
"ООО ""ТОПЛИВНЫЙ КОМПОЗИТ""",ПАНИЧКИН МИХАИЛ НИКОЛАЕВИЧ,"119415, г. Москва, Проспект Вернадского, Дом 37, Корпус 1, Этаж 3 Пом Xiii Ком 21",Москва,1177746857991,9729122035,46.75
"ООО ""ТОПЛИВНЫЙ ОПЕРАТОР""",ТАУСОН ОКСАНА АЛЕКСАНДРОВНА,"109651, г. Москва, Бульвар Новочеркасский, Дом 5, Помещение  I",Москва,1147746524001,7723908125,46.71
"ООО ""ТОПЛИВНЫЙ АЛЬЯНС""",МЕЛЬНИКОВА МАРГАРИТА ПЕТРОВНА,"644042, Область Омская, г. Омск, Улица Иртышская Набережная, Дом 11, Корпус 1, Квартира 15",Омская область,1075543014128,5504202407,68.1
"ООО ""ТОПЛИВНАЯ ИНДУСТРИЯ""",МОЧАЛИН ЮРИЙ МИХАЙЛОВИЧ,"109382, г. Москва, Улица Мариупольская, Дом 6",Москва,1147746797043,7723914337,49.4
"ООО ""ТОПЛИВНАЯ КОМПАНИЯ""",ЛОСЕВ АЛЕКСЕЙ ПАВЛОВИЧ,"452530, Республика Башкортостан, Район Дуванский, Село Месягутово, Улица Промышленная, 11, Г",Республика Башкортостан,1100220000803,0220023645,68.2
"ООО ""ТОПЛИВНЫЙ РЕЗЕРВ""",ВАШЕЧКИН АЛЕКСЕЙ ВАСИЛЬЕВИЧ,"457410, Область Челябинская, Район Агаповский, Село Новобурановка, Улица Нагорная, Дом 8, Квартира 1",Челябинская область,1147456008292,7455019625,46.71
"ООО ""ТОПЛИВНЫЕ РЕСУРСЫ""",ПОЛЯКОВ СЕРГЕЙ НИКОЛАЕВИЧ,"644119, Область Омская, г. Омск, Улица Крупской, Дом 1, Квартира 40",Омская область,1105543003170,5505207616,46.71
"ООО ""ТОПЛИВНЫЙ АЛЬЯНС""",ПУЗАН АНАТОЛИЙ ВЛАДИСЛАВОВИЧ,"117292, г. Москва, Улица Кржижановского, 3",Москва,1117746680688,7728781786,46.71
"ООО ""ТОПЛИВНАЯ БАЗА""",БИККИНИНА ЛЮДМИЛА ЕВГЕНЬЕВНА,"426050, Республика Удмуртская, г. Ижевск, Улица Дзержинского, 32а",Удмуртская Республика,1111838000141,1838008899,46.71
"ООО ""ТОПЛИВНЫЕ СИСТЕМЫ""",,"192102, г. Санкт-Петербург, Улица Самойловой, 5, Лит.Я",Санкт-Петербург,1037843042060,7813111341,29.31
"ООО ""ТОПЛИВНАЯ КОМПАНИЯ""",ДИОМИНСКИЙ АНДРЕЙ ВЛАДИМИРОВИЧ,"394088, Область Воронежская, г. Воронеж, Улица Антонова-Овсеенко, Дом 15 А, Офис 2",Воронежская область,1033600120014,3662081470,46.12
"ООО ""ТОПЛИВНОЕ СНАБЖЕНИЕ""",КОПТЯЕВ АНДРЕЙ АЛЕКСЕЕВИЧ,"194100, г. Санкт-Петербург, Улица Кантемировская, Дом 37, Литер, Помещением 4.9",Санкт-Петербург,1157847273550,7802535290,46.71
"ООО ""ТОПЛИВНОЕ СОДРУЖЕСТВО""",ЛУКИН СЕРГЕЙ АНАТОЛЬЕВИЧ,"129345, г. Москва, Улица Тайнинская, Дом 26, Помещение I Комната 1",Москва,1157746908384,7716804936,46.71
"ООО  ""ТОПЛИВНЫЙ ТЕРМИНАЛ""",БАЗАРЕВ ЕВГЕНИЙ ВЛАДИМИРОВИЧ,"169312, Республика Коми, г. Ухта, Проспект Ленина, 32, А, 69",Республика Коми,1091102000692,1102061999,46.71
"ООО ""ТОПЛИВНЫЙ СКЛАД""",ЦЕЦЕЛЬСКАЯ ИРИНА ЕВГЕНЬЕВНА,"625049, Область Тюменская, г. Тюмень, Улица Московский Тракт, 100, -, -",Тюменская область,1067203001260,7204095878,52.10
ООО ТОПЛИВНАЯ АППАРАТУРА,КОРЮКИН МИХАИЛ АНДРЕЕВИЧ,"683000, Край Камчатский, г. Петропавловск-Камчатский, Улица Озерновская Коса, 11",Камчатский край,1024101035750,4100007102,33.15
"ООО ""ТОПЛИВНЫЙ АЛЬЯНС""",ГОЛИКОВ ЛЕОНИД НИКОЛАЕВИЧ,"610005, Область Кировская, г. Киров, Улица Советская, 67а",Кировская область,1094345017920,4345265855,46.90
"ООО ""ТОПЛИВНАЯ КОМПАНИЯ""",КОНШУ ДМИТРИЙ АЛЕКСАНДРОВИЧ,"644042, Область Омская, г. Омск, Проспект Карла Маркса, Дом 18/8",Омская область,1125543056320,5507234750,46.12
"ООО ""ТОПЛИВНЫЕ ТЕХНОЛОГИИ""",РУМЯНЦЕВ ГРИГОРИЙ ВАСИЛЬЕВИЧ,"156000, Область Костромская, г. Кострома, Улица Пятницкая, 49",Костромская область,1094401001859,4401099379,08.92
"ООО ""ТОПЛИВНЫЙ СИНДИКАТ""",ЯКУШЕВА ЛИДИЯ ВИТАЛЬЕВНА,"690078, Край Приморский, г. Владивосток, Улица Комсомольская, Дом 1, Этаж 2, Офис 73 ""В""",Приморский край,1162536063227,2543094260,46.12
"ООО ""ТОПЛИВНЫЙ РЕСУРС""",ЧУКАНЦЕВ МАКСИМ АЛЕКСАНДРОВИЧ,"119620, г. Москва, Улица Авиаторов, 30, Стр.1",Москва,1107746657006,7729662206,46.7
"ООО ""ТОПЛИВНЫЕ СИСТЕМЫ""",ПЕРМЯКОВ СЕРГЕЙ НИКОЛАЕВИЧ,"660118, Край Красноярский, г. Красноярск, Улица Мате Залки, Дом 12, Помещение 56",Красноярский край,1132468068875,2465304453,46.71
"ООО ""ТОПЛИВНЫЙ БРОКЕР""",КУДАШЕВ РОМАН АНАТОЛЬЕВИЧ,"191036, г. Санкт-Петербург, Улица 6-Я Советская, Дом 20, Литер А, Помещение 6-Н",Санкт-Петербург,1167847058940,7842086192,46.71
"ООО ""ТОПЛИВНЫЕ РЕСУРСЫ""",ГОРБАЧЕВ ДМИТРИЙ МИХАЙЛОВИЧ,"196135, г. Санкт-Петербург, Улица Бассейная, 55, 50",Санкт-Петербург,1117847024151,7841438980,46.1
"ООО ""ТОПЛИВНАЯ АРТЕЛЬ""",ПОЛЯКОВА ТАТЬЯНА ВИКТОРОВНА,"142132, Область Московская, Район Подольский, Поселок Дубровицы, 1",Московская область,1025007515268,5074014350,46.71
"ООО ""ТОПЛИВНАЯ КОМПАНИЯ""",КОЛЗУНОВ АНДРЕЙ ИВАНОВИЧ,"601652, Область Владимирская, Район Александровский, г. Александров, Улица Советская, Дом 84",Владимирская область,1145043002752,5037009344,47.30
"ООО ""ПЕРВАЯ ТОПЛИВНАЯ""",ЗЮЗИН МИРОСЛАВ ИГОРЕВИЧ,"656067, Край Алтайский, г. Барнаул, Улица Взлетная, 12, 32",Алтайский край,1142223014218,2222830045,46.33
"ООО ""ТОПЛИВНЫЙ АЛЬЯНС""",ВАСИЛЬЕВ АЛЕКСАНДР ГЕННАДЬЕВИЧ,"187110, Область Ленинградская, Район Киришский, г. Кириши, Проспект Победы, 40, 4б",Ленинградская область,1144727000560,4727001886,46.71
"ООО ""ТОПЛИВНЫЕ РЕСУРСЫ""",КЕМЕНОВ АЛЕКСЕЙ НИКОЛАЕВИЧ,"420081, Республика Татарстан, г. Казань, Улица Патриса Лумумбы, Дом 62а, Офис 205",Республика Татарстан,1117746853619,7702773734,46.71
"ООО ""ТОПЛИВНЫЕ РЕСУРСЫ""",КОРОБЕЙНИКОВ ДМИТРИЙ АНАТОЛЬЕВИЧ,"644074, Область Омская, г. Омск, Улица Конева, 38, 39",Омская область,1055513028922,5507075820,46.71
"ООО ""ТОПЛИВНЫЙ ПЕРЕВОЗЧИК""",КУЗЬМИЧ МАРИНА ГЕННАДЬЕВНА,"660135, Край Красноярский, г. Красноярск, Улица Молокова, Дом 64, Помещение 266, Офис 1",Красноярский край,1122468068590,2465283468,49.4
"ООО ""ТОПЛИВНАЯ КОМПАНИЯ""",ЩЕРБИНИН ИЛЬЯ ВАЛЕРИЕВИЧ,"652519, Область Кемеровская, г. Ленинск-Кузнецкий, Улица Лесопильная, Дом 41а",Кемеровская область,1154212000062,4212037391,46.71
"ООО ""ТОПЛИВНАЯ КОМПАНИЯ""",ВАСИЛИК ИВАН ВЛАДИМИРОВИЧ,"630039, Область Новосибирская, г. Новосибирск, Улица Воинская, 226 ""А""",Новосибирская область,1125476008613,5405448167,46.71
"ООО ""ТОПЛИВНЫЕ БАКИ""",ЭНДЕРЕВ ВАЛЕРИЙ ВИТАЛЬЕВИЧ,"445043, Область Самарская, г. Тольятти, Улица Коммунальная, Дом 31б",Самарская область,1156320000154,6321374496,45.3
"ООО ""ТОПЛИВНАЯ АППАРАТУРА""",ГЛАДСКИХ ОЛЕГ МИХАЙЛОВИЧ,"308000, Область Белгородская, г. Белгород, Улица Королева, 2, А",Белгородская область,1034637026907,4632032935,0
"ООО ""ТОПЛИВНЫЕ ТЕХНОЛОГИИ",ИВАНОВА ИРИНА АЛЕКСАНДРОВНА,"125424, г. Москва, Шоссе Волоколамское, 88, 8",Москва,5147746197803,7733897391,77.39
"ООО ""ТОПЛИВНЫЕ РЕСУРСЫ""",ПАНТЕЛЕЕВ НИКОЛАЙ СЕРГЕЕВИЧ,"610006, Область Кировская, г. Киров, Улица Северное Кольцо, 16а",Кировская область,1024301309658,4347023523,68.20
"ООО  ""ТОПЛИВНАЯ СИСТЕМА""",ТРЕФИЛОВ СЕРГЕЙ ВАЛЕРЬЕВИЧ,"610005, Область Кировская, г. Киров, Улица Карла Либкнехта, 13",Кировская область,1114345026223,4345309164,46.12
"ООО ""ТОПЛИВНАЯ ГРУППА""",ГРАЧЕВ КОНСТАНТИН ЕВГЕНЬЕВИЧ,"121614, г. Москва, Улица Островная, Дом 2, Комната №17",Москва,1057748915157,7713569836,46.12
"ООО ""ТОПЛИВНАЯ КОМПАНИЯ""",БУТЮГИН СЕРГЕЙ БОРИСОВИЧ,"620058, Область Свердловская, г. Екатеринбург, Проспект Космонавтов, Дом 145в, Этаж 2",Свердловская область,1126685011397,6685011347,46.71
"ООО ""ТОПЛИВНАЯ КОМПАНИЯ""",АЛЕКСАШИН ГЕННАДИЙ НИКОЛАЕВИЧ,"659314, Край Алтайский, г. Бийск, Улица Ефима Мамонтова, 11",Алтайский край,1022201944577,2234009764,52.24
"ООО ""ТОПЛИВНЫЙ КОНТРОЛЬ""",ШКАКИН ВИКТОР ВЯЧЕСЛАВОВИЧ,"390013, Область Рязанская, г. Рязань, Улица Могэс, 9",Рязанская область,1136234010110,6234120343,95.11
"ООО ""ТОПЛИВНЫЕ ТЕХНОЛОГИИ""",ЛЕГОНЬКОВ СЕРГЕЙ ВЛАДИМИРОВИЧ,"141730, Область Московская, г. Лобня, Улица Горького, 104",Московская область,1025003078550,5025012215,0
"ООО ""ТОПЛИВНАЯ КОМПАНИЯ""",РУСИНОВ АНАТОЛИЙ ГЕННАДЬЕВИЧ,"613108, Область Кировская, Район Слободской, Деревня Понизовье, 0",Кировская область,1124329000157,4329015632,46.71
"ООО ""ТОПЛИВНАЯ КОМПАНИЯ""",ГРИГОРЯН КАРЕН ЛЕВОНОВИЧ,"353230, Край Краснодарский, Район Северский, Поселок Городского Типа Ильский, Улица Некрасова, Дом 101, Корпус А",Краснодарский край,1172375050858,2348039547,46.71
"ООО ""ТОПЛИВНЫЙ РЕСУРС""",КРЯЧЕК ЮРИЙ АРКАДЬЕВИЧ,"680023, Край Хабаровский, г. Хабаровск, Улица Краснореченская, 94л, 3",Хабаровский край,1142723003675,2723171957,46.71
"ООО ""ТОПЛИВНЫЙ-ПАРТНЕР""",ДУХИН ДМИТРИЙ ИГОРЕВИЧ,"350900, Край Краснодарский, г. Краснодар, Улица Трудовая 3-Я, Дом 102, Офис 402",Краснодарский край,1172375026031,2311234012,46.71
"ООО ""ТОПЛИВНЫЕ РЕСУРСЫ""",АЛОВ АНДРЕЙ КОНСТАНТИНОВИЧ,"680022, Край Хабаровский, г. Хабаровск, Улица Сигнальная, Дом 2б, Квартира 137",Хабаровский край,1182724007608,2724227916,46.71
"ООО ""ТОПЛИВНЫЙ ФОНД""",ШМАКОВ СЕРГЕЙ ВЛАДИМИРОВИЧ,"353900, Край Краснодарский, г. Новороссийск, Улица Сипягина, Дом 1, Помещение 902",Краснодарский край,1182375024864,2315586664,52.22
"ООО ""ТОПЛИВНАЯ КОМПАНИЯ""",ГАСАНОВ ВЛАДИМИР АМИРОВИЧ,"347360, Область Ростовская, г. Волгодонск, Улица Степная, 100а",Ростовская область,1026101930711,6143049020,46.71
"ООО ""ТОПЛИВНАЯ КОМПАНИЯ""",ОРГУНОВ АЛЕКСАНДР ЕГОРОВИЧ,"650036, Область Кемеровская, г. Кемерово, Улица Терешковой, 41, 618",Кемеровская область,1134205000973,4205257893,46.71
"ООО ""ТОПЛИВНЫЙ РЕСУРС""",МАЛЮГИНА ОЛЬГА АЛЕКСЕЕВНА,"105005, г. Москва, Переулок Посланников, Дом 11/14, Квартира 70",Москва,1167746870114,9701049699,46.71
"ООО ""ТОПЛИВНЫЙ АЛЬЯНС""",ВАСИЛЬЕВ АЛЕКСАНДР ГЕННАДЬЕВИЧ,"191123, г. Санкт-Петербург, Улица Рылеева, Дом 20/51, Литер  А, Помещение  6-Н",Санкт-Петербург,1157847066190,7842026034,46.71
"ООО ""ТОПЛИВНЫЙ АЛЬЯНС""",БЕЛКИН ЕВГЕНИЙ АЛЕКСАНДРОВИЧ,"153000, Область Ивановская, г. Иваново, Улица Лежневская, 199",Ивановская область,1093711000162,3711024413,46.90
"ООО ""ТОПЛИВНЫЕ ТЕХНОЛОГИИ""",КУТЯВИН ВИКТОР АНАТОЛЬЕВИЧ,"454047, Область Челябинская, г. Челябинск, Улица Павелецкая 2-Я, 18, 247",Челябинская область,1127460003384,7460002200,46.7
"ООО ""ТОПЛИВНЫЕ ТЕХНОЛОГИИ""",ЗАГРЕТДИНОВА ГУЗЕЛЬ РАИСОВНА,"426039, Республика Удмуртская, г. Ижевск, Шоссе Воткинское, 160, 11",Удмуртская Республика,1131840003206,1840016946,29.31
"ООО ""ТОПЛИВНАЯ КОМПАНИЯ""",АВЕТИСЯН ГАГИК ГЕОРГИЕВИЧ,"627570, Область Тюменская, Район Викуловский, Село Викулово, Улица К.Маркса, Дом 132, Помещение 2",Тюменская область,1167232083050,7205029317,46.71
"ООО ""ТОПЛИВНЫЙ АЛЬЯНС""",ТЕРСТУЯХ КОНСТАНТИН ВЛАДИМИРОВИЧ,"454080, Область Челябинская, г. Челябинск, Проспект Ленина, Дом 83, Помещение 46",Челябинская область,1138602009578,8602204408,46.71
"ООО ""ТОПЛИВНЫЕ ТЕХНОЛОГИИ""",ЩЕРБАК НИКОЛАЙ ИВАНОВИЧ,"109145, г. Москва, Улица Пронская, 2",Москва,1023301287426,3327325394,46.71
"ООО ""ТОПЛИВНЫЙ РЕЗЕРВ""",КАЛИНКИН МАКСИМ ВЛАДИМИРОВИЧ,"630099, Область Новосибирская, г. Новосибирск, Улица Каменская, Дом 54, Офис 6",Новосибирская область,1155476082497,5406589386,46.71
"ООО ""ТОПЛИВНЫЙ СОЮЗ""",ЗИНОВЬЕВ НИКОЛАЙ МИХАЙЛОВИЧ,"634015, Область Томская, г. Томск, Улица Мичурина, Дом 20, Строение 4",Томская область,1167031061845,7017403120,46.71
"ООО ""ТОПЛИВНЫЙ РЕГИОН""",СОКОЛОВ СЕРГЕЙ НИКОЛАЕВИЧ,"694051, Область Сахалинская, Район Долинский, г. Долинск, Улица Ленина, Дом 18, Квартира 37",Сахалинская область,1156504000290,6504012567,46.49
"ООО ""ТОПЛИВНЫЙ АЛЬЯНС""",ТЕСЛЯ НИКОЛАЙ ВАСИЛЬЕВИЧ,"170001, Область Тверская, г. Тверь, Переулок Красной Слободы 4-Й, Дом 3, Офис 4",Тверская область,1116952004190,6950130591,46.71
"ООО ""ТОПЛИВНАЯ КОМПАНИЯ""",НИКОЛАЕНКО ПАВЕЛ АЛЕКСАНДРОВИЧ,"693000, Область Сахалинская, г. Южно-Сахалинск, Улица Крайняя, Дом 50",Сахалинская область,1156501007838,6501277935,46.71
"ООО ""ТОПЛИВНЫЙ ИНТЕГРАТОР""",СКАРЖИНСКИЙ ПАВЕЛ ВЛАДИМИРОВИЧ,"199106, г. Санкт-Петербург, Линия 24-Я В.О., Дом 3-7, Литера Б, Помещение 11-Н Офис 208",Санкт-Петербург,1177847251185,7801335040,46.71
"ООО ""ТОПЛИВНЫЕ СИСТЕМЫ""",УШАКОВ ДМИТРИЙ АНДРЕЕВИЧ,"656019, Край Алтайский, г. Барнаул, Улица Юрина, Дом 194а",Алтайский край,1162225077893,2223611977,28.99
"ООО ""ТОПЛИВНЫЙ СОЮЗ""",МОСКВИН АЛЕКСАНДР ДМИТРИЕВИЧ,"650036, Область Кемеровская, г. Кемерово, Улица Терешковой, 39, 3, Офис 405",Кемеровская область,1144205014326,4205294052,46.71
"ООО ""ТОПЛИВНЫЙ АЛЬЯНС""",ТОКАЕВ АЛАН БОРИСОВИЧ,"362020, Республика Северная Осетия - Алания, г. Владикавказ, Улица Елбыздыко Бритаева, Дом 21-23",Республика Северная Осетия,1161513055681,1513061794,46.71
"ООО ""ТОПЛИВНЫЕ РЕШЕНИЯ""",ЛАРИН ЕВГЕНИЙ ЮРЬЕВИЧ,"127474, г. Москва, Улица Селигерская, Дом 18, Корпус 3, Офис 4",Москва,5157746312048,7713409977,46.71
"ООО ""ТОПЛИВНЫЙ ЭЛЕМЕНТ""",ГОЛОВИН ИГОРЬ АЛЕКСАНДРОВИЧ,"634063, Область Томская, г. Томск, Улица Сергея Лазо, Дом 20, Квартира 24",Томская область,1167031057676,7017399700,46.12
"ООО ""ТОПЛИВНЫЕ ПРОДУКТЫ""",КОЛБАСИНА ОЛЬГА ВИКТОРОВНА,"394036, Область Воронежская, г. Воронеж, Улица Сакко И Ванцетти, Дом 69, Офис 48б",Воронежская область,1163668107943,3666212892,46.71
"ООО  ""ТОПЛИВНЫЙ АЛЬЯНС""",ЕГОРОВ АЛЕКСЕЙ ЛЕОНИДОВИЧ,"111024, г. Москва, Улица Энтузиастов 2-Я, Дом 5, Корпус 41, Эт 3 Пом Ix Ком 1",Москва,1147746003756,7720801007,46.71
"ООО ""ТОПЛИВНЫЙ РЕЗЕРВ""",САКАЕВА ЛИЛИЯ ФЛЕРОВНА,"450112, Республика Башкортостан, г. Уфа, Улица Новочеркасская, Дом 7, Кабинет 7",Республика Башкортостан,1150280045310,0277904768,46.71
"ООО ""ТОПЛИВНЫЙ МОДУЛЬ""",ИЩЕНКО ЕФИМ ИГОРЕВИЧ,"624260, Область Свердловская, г. Асбест, Улица Забойщиков, Дом 27/2",Свердловская область,1169658008860,6683010147,46.71
"ООО ""ТОПЛИВНЫЕ СИСТЕМЫ""",ШУЛЬГА ВИТАЛИЙ ВИКТОРОВИЧ,"443101, Область Самарская, г. Самара, Переулок Утевский, Дом 23, Литера Л",Самарская область,1166313065401,6314041418,45.20
"ООО ""ТОПЛИВНЫЙ-РЕГИОН""",АБДУЛАЕВ АБДУЛА ГАДЖИАЛИЕВИЧ,"367002, Республика Дагестан, г. Махачкала, Улица Малыгина, Дом 47",Республика Дагестан,1180571001973,0571012233,46.71
"ООО ""ТОПЛИВНЫЕ ТЕХНОЛОГИИ""",КОРЕЦКИЙ ДМИТРИЙ ГЕННАДЬЕВИЧ,"196105, г. Санкт-Петербург, Улица Кузнецовская, 32, Литер А, Помещение 9-Н",Санкт-Петербург,1129847006618,7810895296,46.71
"ООО ""ТОПЛИВНЫЕ ЭЛЕМЕНТЫ""",БУРМИСТРОВ ПАВЕЛ НИКОЛАЕВИЧ,"123098, г. Москва, Улица Маршала Новикова, Дом 9, Квартира 20",Москва,1107746722786,7734642420,46.71
"ООО ""ТОПЛИВНАЯ КОМПАНИЯ""",ОФИЦЕРОВ ИВАН ВАСИЛЬЕВИЧ,"644119, Область Омская, г. Омск, Улица Крупской, Дом 5, Квартира 123",Омская область,1185543009740,5507261270,46.12
"ШОВГЕНОВСКОЕ ГОСУДАРСТВЕННОЕ ПРЕДПРИЯТИЕ ПО ОБЕСПЕЧЕНИЮ ТОПЛИВОМ НАСЕЛЕНИЯ , УЧРЕЖДЕНИЙ И ОРГАНИЗАЦИЙ",НАГУЗЕ АДАМ АСКЕРОВИЧ,"385440, Республика Адыгея, Район Шовгеновский, Аул Мамхег, Улица Выгонная, 1",Республика Адыгея,1020100508196,0108002243,0
"МУП ""ТОПЛИВНОЕ""",ГАЛУТВО МАКСИМ ИВАНОВИЧ,"676680, Область Амурская, Район Михайловский, Село Поярково, Улица Станционная, 19",Амурская область,1082827000354,2820009766,52.24
"ПО ""ТОПЛИВНЫЙ СОЮЗ""",БАБКИН СЕРГЕЙ ИВАНОВИЧ,"119180, г. Москва, Улица Полянка Б., 7/10, Стр.3, Пом.2",Москва,1137746424298,7706794767,64.99
"ПО ""ТОПЛИВНЫЙ СОЮЗ""",МЕГЛИНСКИЙ ВЕНИАМИН ВЯЧЕСЛАВОВИЧ,"410010, Область Саратовская, г. Саратов, Улица Танкистов, 82",Саратовская область,1116450007112,6452089887,94.99
"ООО ""СИБИРСКАЯ ТОПЛИВНАЯ КОМПАНИЯ""",ГАМАРНИК ВАСИЛИЙ МИХАЙЛОВИЧ,"630099, Область Новосибирская, г. Новосибирск, Улица Ядринцевская, Дом 72, Офис 504, Помещение 9",Новосибирская область,1185476019365,5406987330,46.71
"ООО ""ТОПЛИВНАЯ ЭНЕРГЕТИЧЕСКАЯ КОМПАНИЯ""",МИНДИЯРОВ МАРС ВЛАДИМИРОВИЧ,"450069, Республика Башкортостан, г. Уфа, Улица Производственная, Офис 7",Республика Башкортостан,1170280029050,0273913955,46.71
"ООО ""САЯНСКАЯ ТОПЛИВНАЯ КОМПАНИЯ""",НЕДЕЛИН ВЛАДИМИР СЕРГЕЕВИЧ,"655153, Республика Хакасия, г. Черногорск, Улица Фрунзе, Дом 21",Республика Хакасия,1161901055260,1903025865,46.71
"ООО ""АВТОВЕКТОР ТОПЛИВНЫЕ КАРТЫ""",АГАЕВА МАРИЯ АЛЕКСАНДРОВНА,"105066, г. Москва, Улица Красносельская Нижн., Дом 35, Строение 50, Комната 1г",Москва,1167746600570,9701044002,46.71
"ООО ""ЗАПАДНАЯ ТОПЛИВНАЯ КОМПАНИЯ""",САМОЙЛОВ ВАЛЕРИЙ АЛЕКСАНДРОВИЧ,"236000, Область Калининградская, г. Калининград, Улица А.Невского, 115, 7",Калининградская область,1033902815320,3906111756,47.30
"ООО ""ВТОРАЯ ТОПЛИВНАЯ КОМПАНИЯ""",ЗАРУБИН АЛЕКСАНДР ПЕТРОВИЧ,"125438, г. Москва, Переулок Лихачёвский 2-Й, Дом 1, Строение 11",Москва,1157746838919,7743119295,46.71
"ООО ""ТОПЛИВНАЯ КОМПАНИЯ""ТАНКЕРНЕФТЬ""",ЗАХАРОВА НАТАЛЬЯ АЛЕКСАНДРОВНА,"430027, Республика Мордовия, г. Саранск, Улица Гагарина, 134",Республика Мордовия,1111328000849,1328003903,06.10
"ООО ""ХАЙБУЛЛИНСКАЯ ТОПЛИВНАЯ КОМПАНИЯ""",АЛЬМУХАМЕТОВА ИЛЬГИЗА ШАКИРЬЯНОВНА,"453821, Республика Башкортостан, Район Хайбуллинский, Село Бурибай, Улица Шаймуратова, Дом 6, Корпус А",Республика Башкортостан,1150280071314,0248007548,47.30
"ООО ""АРКТИЧЕСКАЯ ТОПЛИВНАЯ КОМПАНИЯ""",СТАРОСТЕНКОВ МАКСИМ АНАТОЛЬЕВИЧ,"183039, Область Мурманская, г. Мурманск, Улица Академика Книповича, 23, 711",Мурманская область,1065190101020,5190157951,46.4
"ООО ""ПОВОЛЖСКАЯ ТОПЛИВНАЯ КОМПАНИЯ""",,"423582, Республика Татарстан, Район Нижнекамский, г. Нижнекамск, Улица Менделеева, 2 ""А"", 146",Республика Татарстан,1071690067030,1658094176,52.29
"ООО ""УРАЛЬСКИЙ ТОПЛИВНЫЙ СОЮЗ""",ГОРБУНОВА ТАТЬЯНА АЛЕКСАНДРОВНА,"641310, Область Курганская, Район Кетовский, Село Кетово, Улица Космонавтов, Дом 56/2, Офис 2",Курганская область,1064510015052,4510022376,46.71
"ООО ""ОСТРОВСКАЯ ТОПЛИВНАЯ КОМПАНИЯ""",ФЕДОРОВ ДМИТРИЙ АЛЕКСАНДРОВИЧ,"180007, Область Псковская, г. Псков, Набережная Ольгинская, 5а",Псковская область,1116027014267,6027138984,02.10
"ООО ""ПОВОЛЖСКАЯ ТОПЛИВНАЯ КОМПАНИЯ""",МОИСЕЕВА ЕЛЕНА АЛЕКСАНДРОВНА,"404130, Область Волгоградская, г. Волжский, Улица Портовая, 16/1, 55",Волгоградская область,1133435006066,3435308131,46.71
"ООО ""ТОПЛИВНАЯ КОМПАНИЯ ТЕРМИНАЛ""",ЧУПАХИН НИКОЛАЙ НИКОЛАЕВИЧ,"346400, Область Ростовская, г. Новочеркасск, Улица Спортивная, 115, 129",Ростовская область,1116183000911,6150066160,47.3
"ООО ""ЕЙСКАЯ ТОПЛИВНАЯ КОМПАНИЯ""",ИСАЕВ ВЛАДИМИР АРКАДЬЕВИЧ,"353677, Край Краснодарский, Район Ейский, Село Александровка, Улица Советская, 34, 0, 0",Краснодарский край,1042317505450,2331013879,46.71
"ООО ""ЖЕЛЕЗНОГОРСКАЯ ТОПЛИВНАЯ КОМПАНИЯ""",КОНОВАЛОВ ВЯЧЕСЛАВ ВИТАЛЬЕВИЧ,"662973, Край Красноярский, г. Железногорск, Улица Белорусская, 49б, 4",Красноярский край,1092452000805,2452037000,46.71
"ООО ""КОМПАНИЯ ""ТОПЛИВНЫЙ КОНТРОЛЬ""",НИКИФОРОВА ЮЛИЯ АНАТОЛЬЕВНА,"423826, Республика Татарстан, г. Набережные Челны, Улица Аделя Кутуя, 3, 79",Республика Татарстан,1121650000966,1650236333,46.73
"ООО""ТОПЛИВНАЯ АППАРАТУРА-ЦЕНТР""",ПИРОЖКОВ АЛЕКСАНДР ФЕДОРОВИЧ,"150014, Область Ярославская, г. Ярославль, Улица Свободы, 62",Ярославская область,1067604089134,7604050127,0
"ООО ""ЗАКАМЕНСКАЯ ТОПЛИВНАЯ КОМПАНИЯ""",ДОРЖИЕВ БУЛАТ ЦЫРЕНОВИЧ,"671950, Республика Бурятия, г. Закаменск, Улица Ленина, 14, 3",Республика Бурятия,1040300650390,0307031383,51.53
"ООО ""КИРОВСКАЯ ТОПЛИВНАЯ КОМПАНИЯ""",ЮДИН КОНСТАНТИН НИКОЛАЕВИЧ,"610046, Область Кировская, г. Киров, Улица Преображенская, 111, 1, 24",Кировская область,1104345012474,4345281631,46.71
"ООО ""АМУРСКАЯ ТОПЛИВНАЯ КОМПАНИЯ""",ЩАПОВ ИГОРЬ АЛЕКСАНДРОВИЧ,"675000, Область Амурская, г. Благовещенск, Улица Гражданская, Дом 121",Амурская область,1132801004192,2801184900,46.71
"ООО ""ТОПЛИВНО - ЭНЕРГЕТИЧЕСКАЯ КОМПАНИЯ""",НОСОВ ДЕНИС ЮРЬЕВИЧ,"623550, Область Свердловская, Район Пышминский, Рабочий Поселок Пышма, Улица Ленина, 97",Свердловская область,1069613006044,6649004094,47.78
"ООО ""ПОВОЛЖСКАЯ ТОПЛИВНАЯ КОМПАНИЯ""",Самосудов Дмитрий Константинович,"445043, Область Самарская, г. Тольятти, Улица Ларина, Дом 169",Самарская область,1156313075874,6324066764,46.71
"ООО ""ТОПЛИВНАЯ КОМПАНИЯ ""ГАРАНТ""",ЛАВРИНОВ ВИТАЛИЙ ВЯЧЕСЛАВОВИЧ,"694620, Область Сахалинская, Район Холмский, г. Холмск, Улица Победы, Дом 16, Офис 72",Сахалинская область,1156509000340,6509023347,46.71
"ООО ""ОМСКАЯ ТОПЛИВНАЯ КОМПАНИЯ""",ГЛАДКИХ АЛЕНА АНАТОЛЬЕВНА,"646050, Область Омская, Район Марьяновский, Деревня Александровка, Улица Лесная, Дом 44",Омская область,1105543024510,5501227523,46.12
"ООО ""СРЕДНЕВОЛЖСКАЯ ТОПЛИВНАЯ КОМПАНИЯ""",САФОНОВ ОЛЕГ ЮРЬЕВИЧ,"410031, Область Саратовская, г. Саратов, Улица Октябрьская, 44",Саратовская область,1126450014602,6450057760,46.7
"ООО ""ТОПЛИВНАЯ КОМПАНИЯ ""РЕВАНШ""",БРЫЗГАЛОВА ГАЛИНА ИГОРЕВНА,"160000, Область Вологодская, г. Вологда, Улица Окружное Шоссе, Дом 9б, Офис 306",Вологодская область,1163525054483,3525367780,46.71
"ООО ""ТОПЛИВНАЯ КОМПАНИЯ ЭНЕРГИЯ""",БЕССТРАШНОВА МАРИНА ВЛАДИМИРОВНА,"117570, г. Москва, Улица Днепропетровская, Дом 18 Б, Комн. 2.1.5.",Москва,5157746108977,7726362652,46.71
"ООО ""ТОПЛИВНАЯ КОМПАНИЯ ПРОГРЕСС""",ИСАКОВ АЛЕКСЕЙ МИХАЙЛОВИЧ,"105082, г. Москва, Площадь Спартаковская, Дом 14, Строение 3, Комната 10",Москва,1167746299995,9701035738,46.71
ООО «ТОПЛИВНАЯ КОМПАНИЯ «РЕГИОН-С»,АЗАРОВА ЕЛЕНА НИКОЛАЕВНА,"410065, Область Саратовская, г. Саратов, Проспект Им 50 Лет Октября, Дом 93г, Квартира 2",Саратовская область,1176451009910,6453151263,46.71
"ООО ""ЮЖНАЯ ТОПЛИВНАЯ КОМПАНИЯ""",САЛИХОВ МАГОМЕДЗАПИР БАЯЗУТДИНОВИЧ,"367026, Республика Дагестан, г. Махачкала, Проспект Имама Шамиля, Дом 10, Корпус г., Квартира 434",Республика Дагестан,1160572050099,0572012518,46.71
"ООО ""СМОЛЕНСКИЕ ТОПЛИВНЫЕ СИСТЕМЫ""",МИХАЙЛОВ ЕВГЕНИЙ ЕВГЕНЬЕВИЧ,"214014, Область Смоленская, г. Смоленск, Улица Володарского, 3",Смоленская область,1026701432560,6729021708,46.71
"ООО ""НОВОСИБИРСКАЯ ТОПЛИВНАЯ КОМПАНИЯ""",УСОЛЬЦЕВ АНДРЕЙ АЛЕКСЕЕВИЧ,"121099, г. Москва, Улица Новый Арбат, 25",Москва,1075461001505,5432212636,20.59
"ООО ""РЕГИОНАЛЬНАЯ ТОПЛИВНАЯ КОМПАНИЯ""",ПАНФИЛОВА СВЕТЛАНА ЛЬВОВНА,"141207, Область Московская, Район Пушкинский, г. Пушкино, Улица Оранжерейная, 15",Московская область,1075038015161,5038058545,35.2
"ООО ""ОРЕНБУРГСКАЯ ТОПЛИВНАЯ КОМПАНИЯ""",ГАЛЛЯМОВ РУСЛАН РИНАТОВИЧ,"460035, Область Оренбургская, г. Оренбург, Улица Пролетарская, Дом 247/2, Офис 510",Оренбургская область,1165658080708,5611079130,19.20
"ООО ""РЕГИОНАЛЬНЫЙ ТОПЛИВНЫЙ РЕСУРС""",БАДЕНОВ ДМИТРИЙ ЛЬВОВИЧ,"185002, Республика Карелия, г. Петрозаводск, Переулок Черняховского, 45, 5",Республика Карелия,1141001000117,1001279100,46.71
"ООО ""СИБИРСКИЙ ТОПЛИВНЫЙ СОЮЗ""",ГЛУХОВ ЮРИЙ АЛЕКСАНДРОВИЧ,"650036, Область Кемеровская, г. Кемерово, Проспект Ленина, Дом 90/2, Офис 407",Кемеровская область,1134205020520,4205273052,68.32
"ООО ""ТОПЛИВНАЯ КОМПАНИЯ КАСКАД""",ОСТАПЕНКО ЮРИЙ ВЛАДИМИРОВИЧ,"344082, Область Ростовская, г. Ростов-На-Дону, Улица Максима Горького, Дом 58",Ростовская область,1066164201993,6164253724,47.5
"ООО ""КОМПАНИЯ ТОПЛИВНЫЙ РЕГИОН""",ГАПОНЕНКО ВИТАЛИЙ ВАЛЕНТИНОВИЧ,"143442, Область Московская, Район Красногорский, Поселок Отрадное, Шоссе Пятницкое, Км 6, Строение 9 Здание 1, Помещение 42",Московская область,1107746090825,7733725018,46.75
"ООО ""ТОПЛИВНАЯ КОМПАНИЯ СИБИРЬ""",АЛЕКНАЙТЕ ВИЛЬМА РОМОВНА,"650000, Область Кемеровская, г. Кемерово, Проспект Ленина, Дом 55, Офис 001",Кемеровская область,1154205003237,4205304180,46.71
"ООО ""ТОПЛИВНЫЙ РЕСУРС ПЛЮС""",ПАПИКЯН ЭДВАРД АРАМАИСОВИЧ,"396510, Область Воронежская, Район Каменский, Поселок Городского Типа Каменка, Улица Советская, Дом 120, Офис 1",Воронежская область,1153668031472,3611009186,46.71
"ООО ""ТОПЛИВНО-ТРАНСПОРТНАЯ КОМПАНИЯ""",КИЗИМА МАКСИМ АЛЕКСАНДРОВИЧ,"109472, г. Москва, Улица Ташкентская, 24, Стр.1",Москва,1057748730577,7721540904,45.1
"ООО ""ТК ""ТОПЛИВНЫЕ РЕШЕНИЯ""",АЛЕКСАНДРОВ КОНСТАНТИН ЮРЬЕВИЧ,"127055, г. Москва, Улица Новосущёвская, Дом 19б, Эт 5 Пом I Ком 19",Москва,1167746732780,9729019341,46.71
"ООО ""ТОПЛИВНЫЕ СИСТЕМЫ - НН""",МУХИН ДМИТРИЙ ВИКТОРОВИЧ,"603108, Область Нижегородская, г. Нижний Новгород, Улица Ракетная, Дом 9 Ю, Офис 9",Нижегородская область,1155257000470,5257019387,45.31
"ООО ""БАЛТИЙСКАЯ ТОПЛИВНАЯ КОМПАНИЯ""",ДРОБОТУН ГЕННАДИЙ АЛЕКСАНДРОВИЧ,"185031, Республика Карелия, г. Петрозаводск, Набережная Варкауса (Октябрьский Р-Н), 10",Республика Карелия,1091001014500,1001228754,46.71
"ООО ""КОМПАНИЯ ""ТОПЛИВНЫЙ РЕСУРС""",ВАСЕВ АЛЕКСАНДР ВИКТОРОВИЧ,"614022, Край Пермский, г. Пермь, Улица Рязанская, 80",Пермский край,1115905005864,5905287260,46.71
"ООО ""БАЛАКОВСКАЯ ТОПЛИВНАЯ КОМПАНИЯ""",БЕЗДАТКО ВИКТОР ИВАНОВИЧ,"413840, Область Саратовская, г. Балаково, Улица Степная, 10, 45",Саратовская область,1106439001240,6439074296,46.4
"ООО ""УРАЛЬСКИЙ ТОПЛИВНЫЙ СОЮЗ""",ПРОТОПОПОВ АНЛРЕЙ НИКОЛАЕВИЧ,"614013, Край Пермский, г. Пермь, Улица Брикетная, 13",Пермский край,1085903000886,5903085501,43.34
"ООО ""ТОПЛИВНАЯ КОМПАНИЯ-ЭНЕРГИЯ""",САБИРОВ РУСТЕМ РИНАТОВИЧ,"422545, Республика Татарстан, Район Зеленодольский, г. Зеленодольск, Улица Бакы Урманче, 16, 40",Республика Татарстан,1121224000435,1216028748,52.29
"ООО ""СИБИРСКАЯ ТОПЛИВНАЯ ГРУППА""",БРОННИКОВ АЛЕКСАНДР ВИКТОРОВИЧ,"630096, Область Новосибирская, г. Новосибирск, Улица Станционная, Дом 60/1, Офис 317",Новосибирская область,1175476057217,5404059471,46.71
"ООО ""ТОРГОВО-ТОПЛИВНАЯ КОМПАНИЯ""",ЛУКИН ВЛАДИМИР ВАСИЛЬЕВИЧ,"308014, Область Белгородская, г. Белгород, Улица Николая Чумичова, Дом 122",Белгородская область,1163123092208,3123401590,46.71
"ООО ""ТОПЛИВНО-ТРАНСПОРТНАЯ КОМПАНИЯ""",СУРОВЦЕВ СЕРГЕЙ ЛЕОНИДОВИЧ,"650070, Область Кемеровская, г. Кемерово, Проспект Молодежный, Дом 3, Квартира 172",Кемеровская область,1174205025851,4205361340,49.41
"ООО ""ИННОВАЦИОННЫЕ ТОПЛИВНЫЕ ТЕХНОЛОГИИ""",ХАСИЕВ ХАМЗАТ ШИРВАНОВИЧ,"115191, г. Москва, Улица Искры, Дом 31, Корпус 1, Э 5 Пом Ii К Iii Оф 16б",Москва,5177746061884,7716872630,46.71
"ООО ""ЮЖНАЯ ТОПЛИВНАЯ КОМПАНИЯ""",ДОРОШ ДАРЬЯ АЛЕКСАНДРОВНА,"344022, Область Ростовская, г. Ростов-На-Дону, Улица Суворова, Дом 91, Офис 35",Ростовская область,1166196092523,6163149329,46.71
"ООО ""ТОПЛИВНАЯ КОМПАНИЯ ""ЮГ""",АКИШИНА ЕКАТЕРИНА ЕВГЕНЬЕВНА,"117292, г. Москва, Проспект Нахимовский, 52/27, Помещение Б",Москва,1117746604557,7728779392,19.20
"ООО ""РЕГИОНАЛЬНАЯ ТОПЛИВНАЯ КОМПАНИЯ""",КОВАЛЕВА СВЕТЛАНА ВЛАДИМИРОВНА,"410056, Область Саратовская, г. Саратов, Проезд Ильинский, Дом 6, Офис 2",Саратовская область,1176451012836,6454113920,46.71
"ООО ""ВОРКУТИНСКИЙ ТОПЛИВНЫЙ ТЕРМИНАЛ""",КОВАЛЬЧУК ЛАРИСА ВИКТОРОВНА,"169908, Республика Коми, г. Воркута, Переулок Деповской, 5",Республика Коми,1141103001126,1103012786,47.30
"ООО ""ПЕРВАЯ ТОПЛИВНАЯ КОМПАНИЯ""",ШЕВЦОВ КОНСТАНТИН АЛЕКСАНДРОВИЧ,"344010, Область Ростовская, г. Ростов-На-Дону, Улица Города Волос, 6, 5",Ростовская область,1106165006276,6165165076,46.71
"ООО ""ТОПЛИВНАЯ КОМПАНИЯ 888""",АВКСЕНЕНКО ЕВГЕНИЙ ЛЬВОВИЧ,"676014, Область Амурская, Район Сковородинский, г. Сковородино, Улица Красноармейская, 6",Амурская область,1082808001880,2826005430,46.71
"ООО ""ТОПЛИВНЫЕ СИСТЕМЫ КМВ""",ЖУКОВА ГАЛИНА АЛЕКСЕЕВНА,"357600, Край Ставропольский, г. Ессентуки, Улица Вокзальная, 8",Ставропольский край,1082650001367,2618019093,52.10
"ООО ""НАЛЬЧИКСКАЯ ТОПЛИВНАЯ КОМПАНИЯ""",НЫРОВ ЗАУРБЕК ХАМИДБИЕВИЧ,"360000, Республика Кабардино-Балкарская, г. Нальчик, Улица Кешокова, 36, В",Кабардино-Балкарская Республика,1070721003319,0721024738,46.3
"ООО ""ПЕРВАЯ ТОПЛИВНАЯ КОМПАНИЯ""",БЛОХИН ЕВГЕНИЙ СЕРГЕЕВИЧ,"150048, Область Ярославская, г. Ярославль, Проспект Московский, Дом 139, Помещение 1",Ярославская область,1117604012987,7604210236,19.2
"ООО ""ТОПЛИВНАЯ КОМПАНИЯ АГРОХИМПРОМ+""",ГУБИН СЕРГЕЙ ВАЛЕРЬЕВИЧ,"665813, Область Иркутская, г. Ангарск, Квартал 108-Й, Строение 10, Помещение 300",Иркутская область,1113801014436,3801116348,46.71
"ООО ""ЗАВОД ТОПЛИВНОГО ОБОРУДОВАНИЯ""",БУЛДАКОВА ЮЛИЯ ОЛЕГОВНА,"426028, Республика Удмуртская, г. Ижевск, Улица Маяковского, Дом 13, Литер А, Помещение 17",Удмуртская Республика,1161832051314,1832137087,25.29
"ООО ""УГЛИЧСКОЕ ТОПЛИВНОЕ ПРЕДПРИЯТИЕ""",КАРАВАЕВА ИРИНА ЮРЬЕВНА,"152612, Область Ярославская, Район Угличский, г. Углич, Шоссе Ленинское, 20а",Ярославская область,1127612001550,7612044952,46.71
"ООО""ТОПЛИВНО-ЭНЕРГОСЕРВИСНАЯ КОМПАНИЯ""",БЕЗОТЕЧЕСТВО НИКОЛАЙ ЛУКИЧ,"670042, Республика Бурятия, г. Улан-Удэ, Улица Жердева, 58, 24",Республика Бурятия,1050302991750,0326025498,45.11
"ООО ""ОМСКАЯ ТОПЛИВНАЯ КОМПАНИЯ""",БАЙЛАРОВ АЙХАН САБУХИ ОГЛЫ,"644083, Область Омская, г. Омск, Улица Коммунальная, Дом 2, Корпус 1",Омская область,1155543046394,5501157481,46.71
"ООО ""ТОПЛИВНАЯ ЛИНИЯ ПРОЦЕССИНГ""",ОКАТЕНКО ДМИТРИЙ ВАЛЕРЬЕВИЧ,"127051, г. Москва, Площадь Сухаревская М., 6, Стр.1",Москва,1127746642770,7702796058,46.12
"ООО ""ИВАНОВСКИЙ ТОПЛИВНЫЙ СОЮЗ""",НАПАЛКОВ АНДРЕЙ АЛЕКСЕЕВИЧ,"153012, Область Ивановская, г. Иваново, Улица Суворова, 41",Ивановская область,1143702027468,3702744239,46.71
"ООО ""ТОПЛИВНАЯ КОМПАНИЯ РАДУГА""",ПЯТЕРКИН МИХАИЛ НИКОЛАЕВИЧ,"141206, Область Московская, Район Пушкинский, г. Пушкино, Улица Краснофлотская, 5",Московская область,1025401483557,5404178817,0
"ООО ""ТОПЛИВНАЯ ЭКО КОМПАНИЯ""",БАТАРЕВ ВАДИМ НИКОЛАЕВИЧ,"620075, Область Свердловская, г. Екатеринбург, Улица Малышева, Дом 51, Офис 4520",Свердловская область,1176658067310,6685136226,46.71
"ООО ""ТОПЛИВНАЯ КОМПАНИЯ НЕФТЕПРОДУКТ""",ГУСЕВ АНДРЕЙ АЛЕКСАНДРОВИЧ,"123100, г. Москва, Набережная Пресненская, Дом 12, Эт 45 Ком 10 Оф 271",Москва,1187746539584,7703458894,46.71
"ООО ""ЗАВОД ТОПЛИВНОГО ОБОРУДОВАНИЯ""",ДМИТРИЕНКО ВИТАЛИЙ СЕРГЕЕВИЧ,"195112, г. Санкт-Петербург, Проспект Уткин, Дом 15, Строение Е, Офис 207",Санкт-Петербург,1177847060599,7806262276,46.90
"ООО ТОПЛИВНАЯ КОМПАНИЯ ""АЛТАЙНЕФТЬ""",МСТИСЛАВСКАЯ ЕВГЕНИЯ АНАТОЛЬЕВНА,"649002, Республика Алтай, г. Горно-Алтайск, Улица Строителей, Дом 5 / 4, Азс Ттк ""Роснефть""",Республика Алтай,1160400054440,0400002122,46.71
"ООО ""ТОПЛИВНАЯ КОМПАНИЯ ЧИСТОТА""",БИХЕ КОНСТАНТИН КОНСТАНТИНОВИЧ,"115054, г. Москва, Улица Татарская, 7, Стр.1",Москва,1137746410460,7705540022,46.71
"ООО ""ТОПЛИВНАЯ ГРУППА-Н""",КОЛОМАК МИХАИЛ ВЛАДИМИРОВИЧ,"462356, Область Оренбургская, г. Новотроицк, Улица Губина, 1 ""А""",Оренбургская область,1105658023350,5607043396,47.78
"ООО ""БОЛЬШЕРЕЧЕНСКАЯ ТОПЛИВНАЯ КОМПАНИЯ""",ЧЕРВАНЬ АЛЕКСЕЙ МАРКОВИЧ,"646670, Область Омская, Район Большереченский, Рабочий Поселок Большеречье, Улица Транспортная, 4",Омская область,1105510000155,5510009024,47.78
"ООО  ""ТОПЛИВНАЯ КОМПАНИЯ ""ЭНЕРГЕТИК""",АЛИЕВА ЕЛЕНА НИКОЛАЕВНА,"614018, Край Пермский, г. Пермь, Улица Борцов Революции, Дом 8а, Офис 202",Пермский край,1175958028949,5902044358,46.71
"ООО ""ТОРГОВО-ТОПЛИВНАЯ КОМПАНИЯ""",АМИРЯН АРСЕН ВЛАДИМИРОВИЧ,"685000, Область Магаданская, г. Магадан, Улица Якутская, Дом 63/20, Офис 13",Магаданская область,1154910000717,4909121680,46.71
"ООО ""ЕВРОДРОВА-ТОПЛИВНЫЕ БРИКЕТЫ""",МИЯТА АЛЕКСАНДР ЕНТЕГИЕВИЧ,"664007, Область Иркутская, г. Иркутск, Переулок Мопра, Дом 3, Квартира 29",Иркутская область,1163850069668,3808194970,16.29
"ООО ""СТАВРОПОЛЬСКАЯ ТОПЛИВНАЯ КОМПАНИЯ""",МОЛЧАНОВ АЛЕКСАНДР ЕВГЕНЬЕВИЧ,"355045, Край Ставропольский, г. Ставрополь, Улица Пирогова, Дом 15, Корпус 1, Офис 416",Ставропольский край,1152651000457,2635207033,46.71
"ООО ""САМАРСКАЯ ТОПЛИВНАЯ КОМПАНИЯ""",КУЗНЕЦОВ НИКОЛАЙ ПЕТРОВИЧ,"443068, Область Самарская, г. Самара, Улица Лейтенанта Шмидта, 1, Секция 1",Самарская область,1026303506316,6367009190,02.40
"ООО ""ПРИВОЛЖСКАЯ ТОПЛИВНАЯ КОМПАНИЯ""",НИКОЛАШИН АНДРЕЙ ВЛАДИМИРОВИЧ,"603003, Область Нижегородская, г. Нижний Новгород, Улица Коминтерна, 139, Офис 208",Нижегородская область,1145263007504,5263111158,46.71
"ООО ""ЧЕХОВСКАЯ ТОПЛИВНАЯ КОМПАНИЯ""",БОРИСОВ ДМИТРИЙ НИКОЛАЕВИЧ,"119019, г. Москва, Бульвар Никитский, 11/12, Троение 1",Москва,1115048002255,5048027803,46.71
"ООО ""УРАЛЬСКИЙ ТОПЛИВНЫЙ ЦЕНТР""",ГРАБОВСКИЙ ВЯЧЕСЛАВ ЕВГЕНЬЕВИЧ,"620014, Область Свердловская, г. Екатеринбург, Улица Радищева, Дом 28, Офис 1216",Свердловская область,1156671000441,6671002230,46.71
"ООО ""НОВАЯ ТОПЛИВНАЯ КОМПАНИЯ""",ФЕДОРОВ ВЛАДИМИР МИХАЙЛОВИЧ,"Область Тверская, Район Калининский, Километр Автодорога Москва-С. Петербург 167 Км, Дорога А/Д Москва-С. Петербург, 167 Км+669 М. (Лево)",Тверская область,1046900103667,6924012464,68.20
"ООО ""ТОПЛИВНАЯ КОМПАНИЯ БОРКИ""",ПОЛЬСКИЙ СЕРГЕЙ АЛЕКСАНДРОВИЧ,"390019, Область Рязанская, г. Рязань, Поселок Шпалозавода, Дом 14в",Рязанская область,1166234070958,6234161195,46.71
"ООО ""ТОПЛИВНО-ЗАПРАВОЧНЫЙ КОМПЛЕКС""",БЛАГОРОДОВ НИКОЛАЙ ПЕТРОВИЧ,"347140, Область Ростовская, Район Обливский, Станица Обливская, Улица Гагарина, Дом 75",Ростовская область,1156192000304,6124003911,47.30
"ООО ""СИБИРСКАЯ ТОПЛИВНАЯ КОМПАНИЯ""",ПАРАМОНОВ ИЛЬЯ КОНСТАНТИНОВИЧ,"630033, Область Новосибирская, г. Новосибирск, Улица Мира, Дом 62, Офис 218",Новосибирская область,1175476099336,5403034837,46.71
"ООО ""МЕЖДУНАРОДНАЯ ТОПЛИВНАЯ КОМПАНИЯ""",КЛИМКОВА ЮЛИЯ МИХАЙЛОВНА,"105062, г. Москва, Улица Покровка, Дом 41, Строение 2, Кабинет 2",Москва,1167746255368,9701034614,64.99
"ООО ""СИМБИРСКАЯ ТОПЛИВНАЯ КОМПАНИЯ""",КВИТКО НАТАЛЬЯ ВЛАДИМИРОВНА,"173020, Область Новгородская, г. Великий Новгород, Улица Пестовская, 6, 1, 3",Новгородская область,1075321004285,5321118130,46.71
"ООО ""СИБИРСКИЕ ТОПЛИВНЫЕ СИСТЕМЫ""",СКОРОХОДОВ МИХАИЛ АЛЕКСЕЕВИЧ,"628606, Автономный Округ Ханты-Мансийский Автономный Округ - Югра, г. Нижневартовск, Проспект Победы, Дом 6, Офис 51",Ханты-Мансийский автономный округ,1158617000585,8603215900,45.20
"ООО ""ЦЕНТР ТОПЛИВНЫХ РЕШЕНИЙ""",КАРСАКОВ АЛЕКСАНДР ГЕННАДЬЕВИЧ,"111033, г. Москва, Улица Красноказарменная, Дом 2, Строение 6",Москва,1167746608380,7722368477,46.71
"ООО ""УСОЛЬСКАЯ ТОПЛИВНАЯ КОМПАНИЯ""",ЗАГАЕВСКИЙ АНАТОЛИЙ СТАНИСЛАВОВИЧ,"665452, Область Иркутская, г. Усолье-Сибирское, Улица Менделеева, Дом 59",Иркутская область,1113851004013,3851004921,47.3
"ООО ""НИЖНЕКАМСКАЯ ТОПЛИВНАЯ КОМПАНИЯ""",БУСЛАЕВ ПАВЕЛ ВЛАДИМИРОВИЧ,"423582, Республика Татарстан, Район Нижнекамский, г. Нижнекамск, Проспект Шинников, 44, 46",Республика Татарстан,1141651002657,1651072889,46.71
"ООО ""РУССКИЙ ТОПЛИВНЫЙ БРИКЕТ""",КАРПОВ ИВАН ИВАНОВИЧ,"301336, Область Тульская, Район Веневский, Село Бельково",Тульская область,1027101588030,7123011439,46.90
"ООО ""БЕЛГОРОДСКАЯ ТОПЛИВНАЯ КОМПАНИЯ""",СОЛОДОВА НАТАЛИЯ ЮРЬЕВНА,"308009, Область Белгородская, г. Белгород, Бульвар Свято-Троицкий, Дом 38",Белгородская область,1163123059670,3123384850,46.71
"ООО ""РЕГИОНАЛЬНАЯ ТОПЛИВНАЯ КОМПАНИЯ""",КУТЕМИНСКИЙ ОЛЕГ АНАТОЛЬЕВИЧ,"450112, Республика Башкортостан, г. Уфа, Улица Ульяновых, Дом 60, Помещение 21",Республика Башкортостан,1150280042660,0277904510,46.71
"ООО ""РЕГИОНАЛЬНАЯ ТОПЛИВНАЯ КОМПАНИЯ""",ЕГОРОВ СТАНИСЛАВ БОРИСОВИЧ,"390000, Область Рязанская, г. Рязань, Километр 196 Километр (Окружная Дорога), 12",Рязанская область,1096230003308,6230068124,47.30
"ООО ""КУРОВСКАЯ ТОПЛИВНАЯ КОМПАНИЯ""",ТУРЧИНЕЦ СЕРГЕЙ ИЛАРЬЕВИЧ,"142600, Область Московская, г. Орехово-Зуево, Улица Бабушкина, Дом 2-А, Офис 21",Московская область,1165034051160,5034052408,46.71
"ООО ""САМАРСКАЯ ТОПЛИВНАЯ КОМПАНИЯ""",ТАВКЕВИЧ ПЕТР ГЕННАДЬЕВИЧ,"443068, Область Самарская, г. Самара, Улица Лейтенанта Шмидта, 1, Секция 1, Офис 7",Самарская область,1146316002832,6316197065,46.71
"ООО ""ЯКУТСКАЯ ТОПЛИВНАЯ КОМПАНИЯ""",ЕФИМОВ ВАСИЛИЙ МОИСЕЕВИЧ,"677000, Республика Саха /Якутия/, г. Якутск, Улица Орджоникидзе, 35, 7",Республика Саха,1041402197650,1435155153,19.20
"ООО ""ПЕРВАЯ ТОПЛИВНАЯ КОМПАНИЯ""",ТРУШНИКОВА СВЕТЛАНА НИКОЛАЕВНА,"196140, г. Санкт-Петербург, Шоссе Волхонское, Дом 115, Корпус 5, Лит А, Кабинет 1",Санкт-Петербург,1177847162503,7807169142,47.30
"ООО ""ВАНИНСКАЯ ТОПЛИВНАЯ КОМПАНИЯ""",ПЕТРИЧЕНКО НИКОЛАЙ ВЛАДИМИРОВИЧ,"682860, Край Хабаровский, Район Ванинский, Рабочий Поселок Ванино, Бульвар Приморский, 8, 20",Хабаровский край,1132709000159,2709014448,46.71
"ООО ТОПЛИВНАЯ КОМПАНИЯ ""СЕВЕР""",МИШУРОВ НИКОЛАЙ ВЛАДИМИРОВИЧ,"150001, Область Ярославская, г. Ярославль, Улица Нагорная, 9/31, Помещение 1",Ярославская область,1117604007839,7604205437,46.7
"ООО ""БОГОРОДСКОЕ ТОПЛИВНОЕ ПРЕДПРИЯТИЕ""",ЛАНТРАТОВА ЕКАТЕРИНА АНАТОЛЬЕВНА,"142430, Область Московская, Район Ногинский, Село Ямкино, Км 35+350 А-107 Ммк ""Ярославско-Горьковское Шоссе"", Строение 3, (Правая Сторона)",Московская область,1165031051240,5031120113,46.71
"ООО ""ЧЕЛНИНСКАЯ ТОПЛИВНАЯ КОМПАНИЯ""",ПОПОВ РОМАН ВИКТОРОВИЧ,"423888, Республика Татарстан, Район Тукаевский, Село Шильнебаш, Улица Школьная, Дом 30, Квартира 3",Республика Татарстан,1161674051241,1639056954,46.39
"ООО ""ОБЪЕДИНЕННАЯ ТОПЛИВНАЯ КОМПАНИЯ""",СУГАК ИЛЬЯ НИКОЛАЕВИЧ,"180007, Область Псковская, г. Псков, Улица Максима Горького, 1, 233",Псковская область,1116027000980,6027133785,46.71
"ООО ""ТОПЛИВНАЯ КОМПАНИЯ ""СЛАВЯНЕ""",КВАША ЮРИЙ ИВАНОВИЧ,"305018, Область Курская, г. Курск, Проезд Элеваторный, Дом 10а",Курская область,1154632011808,4632210232,46.71
"ООО ""ПЕНЗЕНСКАЯ ТОПЛИВНАЯ КОМПАНИЯ""",КРЫЛОВА МАРИНА АЛЕКСАНДРОВНА,"440031, Область Пензенская, г. Пенза, Улица Бурмистрова, 6-А",Пензенская область,1065837032733,5837029290,46.71
"ООО ТОПЛИВНАЯ КОМПАНИЯ ""ФАРЕНГЕЙТ""",МИЩЕНКО АЛЕНА АНАТОЛЬЕВНА,"197373, г. Санкт-Петербург, Проспект Авиаконструкторов, 6",Санкт-Петербург,1027807565390,7814131460,46.71
"ООО ""ВОЛЖСКАЯ ТОПЛИВНАЯ КОМПАНИЯ""",КОЗИК ВАСИЛИЙ НИКОЛАЕВИЧ,"414024, Область Астраханская, г. Астрахань, Улица Дербентская 2-Я, Дом 34, Квартира 67",Астраханская область,1153025000105,3025013984,46.71
"ООО ""ТОПЛИВНАЯ КОМПАНИЯ ""ЛАРГО""",ЧЕРНОУСОВ ВИТАЛИЙ АНАТОЛЬЕВИЧ,"614025, Край Пермский, г. Пермь, Улица Бригадирская, Дом 14, Литер Д, Офис 21",Пермский край,1155958011032,5904047668,46.71
"ООО""ТОПЛИВНАЯ КОМПАНИЯ ""ГВИДОС""",ТЕРЕШКИНА ОЛЬГА СЕРГЕЕВНА,"614053, Край Пермский, г. Пермь, Улица Колыбалова, Дом 30, Квартира 7",Пермский край,1145958000132,5906995636,46.71
"ООО""ТОПЛИВНАЯ КОМПАНИЯ РЕСУРС""",ПИСКУНОВА ЛЮБОВЬ БОРИСОВНА,"683024, Край Камчатский, г. Петропавловск-Камчатский, Проспект Рыбаков, 1, 17",Камчатский край,1074101004152,4101117281,46.71
"ООО ""ВОЛГОГРАДСКАЯ ТОПЛИВНАЯ КОМПАНИЯ""",АЙЗИКОВИЧ ОЛЕГ МАРИАНОВИЧ,"400075, Область Волгоградская, г. Волгоград, Рабочий Поселок Гумрак, Улица Моторная, 21",Волгоградская область,1103443003762,3443099700,68.20
"ООО ""ПЕРВАЯ ТОПЛИВНАЯ КОМПАНИЯ""",СЮТИН АЛЕКСАНДР АЛЕКСАНДРОВИЧ,"238311, Область Калининградская, Район Гурьевский, Поселок Большое Исаково, Улица Кооперативная, 24, 2",Калининградская область,1093925040274,3917505953,46.71
"ООО ""ПИКАЛЕВСКАЯ ТОПЛИВНАЯ КОМПАНИЯ""",ВАКУРИН СЕРГЕЙ НИКОЛАЕВИЧ,"187602, Область Ленинградская, Район Бокситогорский, г. Пикалево, Улица Металлургов, 1",Ленинградская область,1034700507984,4722002692,46.71
"ООО ""ГОРЬКОВСКАЯ ТОПЛИВНАЯ КОМПАНИЯ""",ТОРОХОВА ИРИНА ВЛАДИМИРОВНА,"603138, Область Нижегородская, г. Нижний Новгород, Улица Комсомольская, 35а, 20",Нижегородская область,1125256002134,5256111090,46.71
"ООО ""ТД ""ТОПЛИВНОЕ ОБОРУДОВАНИЕ""",КОЧКИНА РОЗАЛИЯ БУЛАТОВНА,"454014, Область Челябинская, г. Челябинск, Улица Солнечная, Дом 7, Офис 107",Челябинская область,1147448013998,7448173739,46.69
"ООО ""ПРОКОПЬЕВСКАЯ ТОПЛИВНАЯ КОМПАНИЯ""",ШКУРАТОВ ВЛАДИМИР АНАТОЛЬЕВИЧ,"630000, Область Новосибирская, г. Новосибирск, Улица Крылова, 14, 4",Новосибирская область,1054223032885,4223038950,45.20
"ООО ""МОСКОВСКАЯ ТОПЛИВНАЯ КОМПАНИЯ""",ГАДЖИМАГОМЕДОВ ШАХБАН КУРБАНМАГОМЕДОВИЧ,"119620, г. Москва, Проспект Солнцевский, Дом 17/1, Помещение 7н",Москва,1167746289138,7729498806,46.71
"ООО ""ИНОВАЦИОННЫЕ ТОПЛИВНЫЕ ТЕХНОЛОГИИ""",ХАСИЕВ ХАМЗАТ ШИРВАНОВИЧ,"115191, г. Москва, Переулок Духовской, Дом 17, Э 2 Пом I К Ii Оф 17а",Москва,5177746058122,7726413770,46.71
"ООО ""ИРКУТСКАЯ ТОПЛИВНАЯ КОМПАНИЯ""",КОЧАНОВА ИРИНА ДМИТРИЕВНА,"664081, Область Иркутская, г. Иркутск, Улица Александра Невского, 99, 2, 24",Иркутская область,1103850012672,3811138816,02.20
"ООО ""ВИСТИНСКАЯ ТОПЛИВНАЯ КОМПАНИЯ""",ПАРЕНКОВ СЕРГЕЙ АНАТОЛЬЕВИЧ,"198035, г. Санкт-Петербург, Канал Межевой, Дом 3, Корпус 2",Санкт-Петербург,1157847074934,7805307809,46.71
"ООО ""ПЕНЗЕНСКАЯ ТОПЛИВНАЯ КОМПАНИЯ""",СОСНОВ АЛЕКСАНДР ВЛАДИМИРОВИЧ,"440056, Область Пензенская, г. Пенза, Улица Ростовская, Дом 157, Квартира 1",Пензенская область,1175835001484,5837068540,46.71
"ООО ""ТОПЛИВНЫЙ АЛЬЯНС 43""",ГОЛИКОВ ЛЕОНИД НИКОЛАЕВИЧ,"610020, Область Кировская, г. Киров, Улица Карла Либкнехта, Дом 18, Помещение 1007",Кировская область,1124345023461,4345341111,46.90
"ООО ""ПРИПОЛЯРНАЯ ТОПЛИВНАЯ КОМПАНИЯ""",СЕМАШКО НИКОЛАЙ СТЕПАНОВИЧ,"629305, Автономный Округ Ямало-Ненецкий, г. Новый Уренгой, Улица Сибирская, 17, 19",Ямало-Ненецкий автономный округ,1098904003990,8904062809,46.71
"ООО ""ТОПЛИВНАЯ КОМПАНИЯ ""РЕСУРС""",КУЛИКОВА ОЛЬГА СЕРГЕЕВНА,"101000, г. Москва, Улица Мясницкая, 30/1/2, Стр.2",Москва,1077761030258,7701748020,46.12
"ООО ""ТОПЛИВНАЯ ОРЕНБУРГСКАЯ КОМПАНИЯ""",СЛАВГОРОДСКИХ ТАТЬЯНА АНАТОЛЬЕНА,"460050, Область Оренбургская, г. Оренбург, Улица Терешковой, 257, 7",Оренбургская область,1055611001687,5611032982,47.30
"ООО ""ЭКОЛОГИЧЕСКАЯ ТОПЛИВНАЯ КОМПАНИЯ""",АМБАРЦУМЯН ГАРЕГИН ДЖАНИКОВИЧ,"390042, Область Рязанская, г. Рязань, Улица Промышленная, Дом 21, Литера Р",Рязанская область,1166234055646,6229080159,47.30
"ООО ""ЮЖНАЯ ТОПЛИВНАЯ КОМПАНИЯ""",КАРАБАШЕВ ШАМИЛЬ ХАРШИМОВИЧ,"344045, Область Ростовская, г. Ростов-На-Дону, Улица Лелюшенко, Дом 19, Корпус 5, Комната 4-5-6-7",Ростовская область,1066164001661,6164244014,46.71
"ООО ""БАЙКАЛЬСКАЯ ТОПЛИВНАЯ КОМПАНИЯ""",ШИХОВ АНДРЕЙ ВЛАДИМИРОВИЧ,"666033, Область Иркутская, г. Шелехов, Улица Култукский Тракт, 21, 26",Иркутская область,1113850017632,3848004801,46.71
"ООО ""ТОПЛИВНЫЙ АЛЬЯНС-КРЫМ""",ТОКАРЕВА ЛАРИСА ГРИГОРЬЕВНА,"295053, Республика Крым, г. Симферополь, Улица Мате Залки, Дом 1, Помещение 1, Кабинет 1",Республика Крым,1179102027928,9102237157,46.71
"ООО ""ВОЛЖСКАЯ ТОПЛИВНАЯ КОМПАНИЯ""",КРАСНИКОВА ЮЛИЯ ЕВГЕНЬЕВНА,"410002, Область Саратовская, г. Саратов, Набережная Космонавтов, Дом 7а, Помещение 312",Саратовская область,1176451018083,6450098653,46.71
"ООО ""ОБЪЕДИНЕННАЯ ТОПЛИВНАЯ КОМПАНИЯ""",НЕСНОВ ВАЛЕРИЙ НИКОЛАЕВИЧ,"115114, г. Москва, Улица Дербеневская, Дом 24, Строение 3",Москва,1157746859896,7725289150,46.71
"ООО ""ПКФ-ТОПЛИВНЫЕ СИСТЕМЫ""",КОЗЛОВ АЛЕКСАНДР ВИКТОРОВИЧ,"603108, Область Нижегородская, г. Нижний Новгород, Улица Ракетная, Дом 9ю, Офис 10",Нижегородская область,1175275030369,5257172064,45.31
"ООО ""ТОПЛИВНАЯ КОМПАНИЯ ФЕСКО""",ЛОГИНОВ КОНСТАНТИН ВАЛЕРЬЕВИЧ,"690091, Край Приморский, г. Владивосток, Улица Алеутская, Дом 15",Приморский край,1172536028697,2540229871,52.24
"ООО ""НЕФТЯНАЯ ТОПЛИВНАЯ КОМПАНИЯ""",АЛАДИН АНДРЕЙ ВЯЧЕСЛАВОВИЧ,"432011, Область Ульяновская, г. Ульяновск, Переулок Мира 1-Й, Дом 2, Этаж 5, Офис 509",Ульяновская область,1187325002787,7325158530,46.71
"ООО ""СИБИРСКАЯ ТОПЛИВНАЯ КОМПАНИЯ""",МАРКОВ СЕРГЕЙ ВАСИЛЬЕВИЧ,"666705, Область Иркутская, Район Киренский, г. Киренск, Микрорайон Балахня, Улица Полойская, 12",Иркутская область,1123818001625,3818030547,47.30
"ООО ""ВОЛЖСКАЯ ТОПЛИВНАЯ КОМПАНИЯ""",БОГДАНОВ ВИКТОР АНАТОЛЬЕВИЧ,"445043, Область Самарская, г. Тольятти, Улица Коммунальная, Дом 36 В",Самарская область,1026300973753,6315550810,46.71
"ООО ""ЭЛИСТИНСКАЯ ТОПЛИВНАЯ КОМПАНИЯ""",СКУРИДИН ОЛЕГ АЛЕКСЕЕВИЧ,"358000, Республика Калмыкия, г. Элиста, Улица Ю.Клыкова, 1, 608 ""А""",Республика Калмыкия,1120816007487,0816021277,19.20
"ООО ""УРАЛЬСКАЯ ТОПЛИВНАЯ КОМПАНИЯ""",ШУГЛЯ ВАСИЛИЙ ДМИТРИЕВИЧ,"109316, г. Москва, Проспект Волгоградский, Дом 32, Корпус 39, Комната 206",Москва,1097232034349,7203242625,46.71
"ООО ""ВОЛГОДОНСКАЯ ТОПЛИВНАЯ КОМПАНИЯ""",ГАСАНОВ ВЛАДИМИР АМИРОВИЧ,"347360, Область Ростовская, г. Волгодонск, Улица Маршала Кошевого, 48",Ростовская область,1096174000064,6143071160,77.39
"ООО ""АЛТАЙСКОЕ ТОПЛИВНОЕ АГЕНТСТВО""",МАМЕНТОВ АРТЕМ АНАТОЛЬЕВИЧ,"656010, Край Алтайский, г. Барнаул, Проспект Ленина, 195",Алтайский край,1042202166170,2224086463,46.71
"ООО ""КУРГАНСКАЯ ТОПЛИВНАЯ КОМПАНИЯ""",ЛЮКШИН АЛЕКСАНДР ВЛАДИМИРОВИЧ,"641310, Область Курганская, Район Кетовский, Село Кетово, Улица Боровая, 2",Курганская область,1034521002560,4510019020,68.20
"ООО ""СВЕРДЛОВСКАЯ ТОПЛИВНАЯ КОМПАНИЯ""",ЕЖЛОВ ЮРИЙ АНАТОЛЬЕВИЧ,"620017, Область Свердловская, г. Екатеринбург, Улица Старых Большевиков, 2, А, 521",Свердловская область,1076673024911,6673174322,46.71
"ООО ""ТУТАЕВСКОЕ ТОПЛИВНОЕ ПРЕДПРИЯТИЕ""",МОХОВ ЕВГЕНИЙ ПАВЛОВИЧ,"152300, Область Ярославская, Район Тутаевский, г. Тутаев, Улица Романовская, 32",Ярославская область,1147611002351,7611023999,46.71
"ООО ""ТОПЛИВНЫЕ ЭНЕРГЕТИЧЕСКИЕ СИСТЕМЫ""",ВЕРХОТУРОВ МАРК ВАЛЕРЬЕВИЧ,"152901, Область Ярославская, Район Рыбинский, г. Рыбинск, Улица Крестовая, 27, 11",Ярославская область,1127610001606,7610095729,02.20
"ООО ""ТОПЛИВНЫЙ РЕГИОН 58""",ЖУРАВЛЕВ ЕВГЕНИЙ ГЕННАДЬЕВИЧ,"442201, Область Пензенская, Район Каменский, Село Кевдо-Мельситово, Улица Молодежная, 17",Пензенская область,1135802000036,5802010130,46.7
"ООО  ""АТР-ТОПЛИВНАЯ ГРУППА""",ЗАХАРОВ АНДРЕЙ ГЕОРГИЕВИЧ,"454008, Область Челябинская, г. Челябинск, Проспект Свердловский, Дом 2, Офис 419",Челябинская область,1062540025514,2540120190,46.71
"ООО ""ЗАКАМЕНСКАЯ ТОПЛИВНАЯ КОМПАНИЯ""",ДОРЖИЕВ БУЛАТ ЦЫРЕНОВИЧ,"671950, Республика Бурятия, Район Закаменский, г. Закаменск, Улица Ленина, 14, 3",Республика Бурятия,1040300650411,0307031383,47.19
"ООО ""ПЕРВАЯ ТОПЛИВНАЯ КОМПАНИЯ""",УФИМЦЕВ АНДРЕЙ ГЕОРГИЕВИЧ,"117405, г. Москва, Улица Кирпичные Выемки, Дом 2, Корпус 1, Помещение  Xi, Ком. 32 (Офис 5)",Москва,1167746882016,7707372990,46.71
"ООО ""КОМИ ТОПЛИВНАЯ КОМПАНИЯ""",СЛУКИН АНДРЕЙ АНАТОЛЬЕВИЧ,"167000, Республика Коми, г. Сыктывкар, Улица Бабушкина, 31",Республика Коми,1021100523036,1101022771,68.20
"ООО ""СИБИРСКИЕ ТОПЛИВНЫЕ ГРАНУЛЫ""",КОРИНЕВ СЕРГЕЙ БОРИСОВИЧ,"664007, Область Иркутская, г. Иркутск, Улица Карла Маркса, Дом 40, Этаж 5",Иркутская область,1143850047791,3811184604,16.10
"ООО ""НПФ ТОПЛИВНЫЕ СИСТЕМЫ""",КОСТЫЛЕВ ИВАН ВЛАДЕЛИНОВИЧ,"150040, Область Ярославская, г. Ярославль, Улица Володарского, 103, 214",Ярославская область,1117606000698,7606080286,72.1
"ООО ""ОБЪЕДИНЕННЫЕ ТОПЛИВНЫЕ РЕСУРСЫ""",БОНДАРЬ ЕКАТЕРИНА ПЕТРОВНА,"123100, г. Москва, Набережная Пресненская, Дом 12, Этаж 29 Ком А30",Москва,1177746671101,7703429935,46.71
"ООО ""ТОМСКАЯ ТОПЛИВНАЯ КОМПАНИЯ""",УВАРОВ АРТЕМ ИГОРЕВИЧ,"634009, Область Томская, г. Томск, Проспект Ленина, Дом 206б, Офис 3",Томская область,1167031064738,7017405576,46.71
"ООО  ""ТОПЛИВНАЯ КОМПАНИЯ  ""АПИКА""",ГОНЧАРОВА ЮЛИЯ ВАСИЛЬЕВНА,"309085, Область Белгородская, Район Яковлевский, Поселок Томаровка, Улица Белгородская, 118",Белгородская область,1143130000705,3121185986,47.30
"ООО ""УРАЛЬСКАЯ ТОПЛИВНАЯ КОМПАНИЯ""",ГАЛЛЯМОВА ЛЕОНОРА ВИКТОРОВНА,"450075, Республика Башкортостан, г. Уфа, Улица Блюхера, Дом 8, Корпус А",Республика Башкортостан,1140280055442,0278215217,46.71
"ООО""ТОПЛИВНО-СБЫТОВАЯ КОМПАНИЯ""",ИВАНОВ ИВАН ВЛАДИМИРОВИЧ,"127411, г. Москва, Улица Яхромская, 2, 45",Москва,1027739060667,7713318487,0
"ООО ""СЕВЕРОВОСТОЧНАЯ ТОПЛИВНАЯ КОМПАНИЯ""",СИБАГАТОВ БУЛАТ ГАБТУЛЬБАРОВИЧ,"614065, Край Пермский, г. Пермь, Улица Промышленная, Дом 62",Пермский край,1085905008540,5905265891,46.71
"ООО ""СИБИРСКАЯ ТОПЛИВНАЯ КОМПАНИЯ""",СТЕФАНКОВ ГЕННАДИЙ ПЕТРОВИЧ,"660020, Край Красноярский, г. Красноярск, Улица Шахтеров, Дом 49ж, Строение 4 Склад 6, Помещение 2 Офис 2",Красноярский край,1172468069278,2466187076,46.71
"ООО  ""ТОПЛИВНАЯ СЕРВИСНАЯ КОМПАНИЯ""",ГАЕР ИНГА АЛЕКСАНДРОВНА,"194044, г. Санкт-Петербург, Набережная Выборгская, 29, Литер А, 306",Санкт-Петербург,1077847047915,7805422470,46.71
"ООО ""ТОПЛИВНАЯ КОМПАНИЯ ""НЕФТЕСИНТЕЗ""",РОМАНЧЕНКО СЕРГЕЙ ВЛАДИМИРОВИЧ,"119334, г. Москва, Улица Бардина, 4, Стр.1",Москва,1137746057350,7736654774,47.3
"ООО ""ТОПЛИВНЫЕ СИСТЕМЫ И АВТОМАТИКА""",ТКАЧЕНКО СЕРГЕЙ ВАЛЕНТИНОВИЧ,"125252, г. Москва, Бульвар Ходынский, Дом 9, Квартира 26",Москва,5167746435170,7723494530,46.69
"ООО ""ШУЙСКАЯ ТОПЛИВНАЯ БАЗА""",ТОЛСТЯКОВ АНДРЕЙ АЛЕКСАНДРОВИЧ,"155912, Область Ивановская, Район Шуйский, г. Шуя, Улица Школьная 1-Я, Дом 4",Ивановская область,1173702004651,3706024753,46.71
"ООО ""ВОЛЖСКАЯ ТОПЛИВНАЯ КОМПАНИЯ""",КОВЕШНИКОВ ВИТАЛИЙ ИВАНОВИЧ,"443112, Область Самарская, г. Самара, Улица Новоурицкого, 46, А",Самарская область,1026300533830,6311058340,0
"ООО ""ТОПЛИВНАЯ ЛИНИЯ АГЕНТ""",ОКАТЕНКО ДМИТРИЙ ВАЛЕРЬЕВИЧ,"127051, г. Москва, Площадь Сухаревская М., 6, Стр.1",Москва,1137746369199,7702814035,46.12
"ООО ""ТОПЛИВНО-ТРАНСПОРТНАЯ КОМПАНИЯ""",ЩЕРБАШИН МАКСИМ ГЕННАДИЕВИЧ,"634050, Область Томская, г. Томск, Тракт Московский, Дом 2г, Офис 302",Томская область,1177031073933,7017425283,46.71
"ООО ""ТОПЛИВНАЯ КОМПАНИЯ ""УГОЛЁК""",ШАНЫГИНА ЮЛИЯ ВЛАДИМИРОВНА,"109559, г. Москва, Улица Краснодарская, Дом 74, Корпус 2",Москва,1075509000160,5509006371,46.71
"ООО  ""КОМПАНИЯ ""ТОПЛИВНЫЙ РЕГИОН""",КТИТОРОВА НАТАЛЬЯ ВЛАДИМИРОВНА,"443045, Область Самарская, г. Самара, Улица Авроры, Дом 150, Комната 9",Самарская область,1156316002325,6316206150,46.90
"ООО ""ТОПЛИВНАЯ КОМПАНИЯ ""ЭНЕРГОПРОЕКТ""",РЫЖИХ АЛЕКСАНДР ВИТАЛЬЕВИЧ,"125368, г. Москва, Улица Барышиха, 19",Москва,1037739853084,7733504869,0
"ООО ""ВИСТИНСКИЙ ТОПЛИВНЫЙ ТЕРМИНАЛ""",АБРАМЧЕНКО МАКСИМ ВАЛЕРЬЕВИЧ,"188477, Область Ленинградская, Район Кингисеппский, Деревня Вистино, Здание Консервного Цеха № 2 Инв.№ 1737, Лит.А, Этаж 3",Ленинградская область,1134707001110,4707035654,68.20
"ООО ""КРАСНОЯРСКАЯ ТОПЛИВНАЯ КОМПАНИЯ""",ПИЛИПЧУК ИГОРЬ АНДРЕЕВИЧ,"660077, Край Красноярский, г. Красноярск, Улица Авиаторов, Дом 21, Помещение 642",Красноярский край,1142468037700,2466274064,46.71
